
sourcing "nvim_exec2()"
finished sourcing nvim_exec2()
sourcing "/Users/hanifmuhammad/nvim-macos-arm64/share/nvim/runtime/ftplugin.vim"
finished sourcing /Users/hanifmuhammad/nvim-macos-arm64/share/nvim/runtime/ftplugin.vim
sourcing "/Users/hanifmuhammad/nvim-macos-arm64/share/nvim/runtime/indent.vim"
finished sourcing /Users/hanifmuhammad/nvim-macos-arm64/share/nvim/runtime/indent.vim
could not source "/etc/xdg/nvim/sysinit.vim"
could not source "$VIM/sysinit.vim"
sourcing "/Users/hanifmuhammad/.config/nvim/init.lua"
line 0: sourcing "nvim_exec2() called at /Users/hanifmuhammad/.config/nvim/init.lua:0"
finished sourcing nvim_exec2() called at /Users/hanifmuhammad/.config/nvim/init.lua:0
continuing in /Users/hanifmuhammad/.config/nvim/init.lua
line 0: sourcing "nvim_exec2() called at /Users/hanifmuhammad/.config/nvim/init.lua:0"
finished sourcing nvim_exec2() called at /Users/hanifmuhammad/.config/nvim/init.lua:0
continuing in /Users/hanifmuhammad/.config/nvim/init.lua
line 0: sourcing "nvim_exec2() called at /Users/hanifmuhammad/.config/nvim/init.lua:0"
line 1: sourcing "/Users/hanifmuhammad/.local/share/nvim/lazy/go.nvim/ftdetect/filetype.vim"
finished sourcing /Users/hanifmuhammad/.local/share/nvim/lazy/go.nvim/ftdetect/filetype.vim
continuing in nvim_exec2() called at /Users/hanifmuhammad/.config/nvim/init.lua:0
finished sourcing nvim_exec2() called at /Users/hanifmuhammad/.config/nvim/init.lua:0
continuing in /Users/hanifmuhammad/.config/nvim/init.lua
line 0: sourcing "nvim_exec2() called at /Users/hanifmuhammad/.config/nvim/init.lua:0"
finished sourcing nvim_exec2() called at /Users/hanifmuhammad/.config/nvim/init.lua:0
continuing in /Users/hanifmuhammad/.config/nvim/init.lua
line 0: sourcing "nvim_exec2() called at /Users/hanifmuhammad/.config/nvim/init.lua:0"
finished sourcing nvim_exec2() called at /Users/hanifmuhammad/.config/nvim/init.lua:0
continuing in /Users/hanifmuhammad/.config/nvim/init.lua
line 0: sourcing "nvim_exec2() called at /Users/hanifmuhammad/.config/nvim/init.lua:0"
finished sourcing nvim_exec2() called at /Users/hanifmuhammad/.config/nvim/init.lua:0
continuing in /Users/hanifmuhammad/.config/nvim/init.lua
line 0: sourcing "nvim_exec2() called at /Users/hanifmuhammad/.config/nvim/init.lua:0"
line 1: sourcing "/Users/hanifmuhammad/nvim-macos-arm64/share/nvim/runtime/filetype.lua"
line 0: sourcing "nvim_exec2() called at /Users/hanifmuhammad/nvim-macos-arm64/share/nvim/runtime/filetype.lua:0"
not found in runtime path: "ftdetect/*.{vim,lua}"
finished sourcing nvim_exec2() called at /Users/hanifmuhammad/nvim-macos-arm64/share/nvim/runtime/filetype.lua:0
continuing in /Users/hanifmuhammad/nvim-macos-arm64/share/nvim/runtime/filetype.lua
finished sourcing /Users/hanifmuhammad/nvim-macos-arm64/share/nvim/runtime/filetype.lua
continuing in nvim_exec2() called at /Users/hanifmuhammad/.config/nvim/init.lua:0
finished sourcing nvim_exec2() called at /Users/hanifmuhammad/.config/nvim/init.lua:0
continuing in /Users/hanifmuhammad/.config/nvim/init.lua
line 0: sourcing "nvim_exec2() called at /Users/hanifmuhammad/.config/nvim/init.lua:0"
finished sourcing nvim_exec2() called at /Users/hanifmuhammad/.config/nvim/init.lua:0
continuing in /Users/hanifmuhammad/.config/nvim/init.lua
line 0: sourcing "nvim_exec2() called at /Users/hanifmuhammad/.config/nvim/init.lua:0"
finished sourcing nvim_exec2() called at /Users/hanifmuhammad/.config/nvim/init.lua:0
continuing in /Users/hanifmuhammad/.config/nvim/init.lua
line 0: sourcing "nvim_exec2() called at /Users/hanifmuhammad/.config/nvim/init.lua:0"
finished sourcing nvim_exec2() called at /Users/hanifmuhammad/.config/nvim/init.lua:0
continuing in /Users/hanifmuhammad/.config/nvim/init.lua
line 0: sourcing "nvim_exec2() called at /Users/hanifmuhammad/.config/nvim/init.lua:0"
finished sourcing nvim_exec2() called at /Users/hanifmuhammad/.config/nvim/init.lua:0
continuing in /Users/hanifmuhammad/.config/nvim/init.lua
line 0: sourcing "/Users/hanifmuhammad/.local/share/nvim/lazy/catppuccin/colors/catppuccin.vim"
finished sourcing /Users/hanifmuhammad/.local/share/nvim/lazy/catppuccin/colors/catppuccin.vim
continuing in /Users/hanifmuhammad/.config/nvim/init.lua
line 0: sourcing "nvim_exec2() called at /Users/hanifmuhammad/.config/nvim/init.lua:0"
line 1: sourcing "/Users/hanifmuhammad/.local/share/nvim/lazy/snacks.nvim/plugin/snacks.lua"
finished sourcing /Users/hanifmuhammad/.local/share/nvim/lazy/snacks.nvim/plugin/snacks.lua
continuing in nvim_exec2() called at /Users/hanifmuhammad/.config/nvim/init.lua:0
finished sourcing nvim_exec2() called at /Users/hanifmuhammad/.config/nvim/init.lua:0
continuing in /Users/hanifmuhammad/.config/nvim/init.lua
line 0: sourcing "nvim_exec2() called at /Users/hanifmuhammad/.config/nvim/init.lua:0"
finished sourcing nvim_exec2() called at /Users/hanifmuhammad/.config/nvim/init.lua:0
continuing in /Users/hanifmuhammad/.config/nvim/init.lua
line 0: sourcing "nvim_exec2() called at /Users/hanifmuhammad/.config/nvim/init.lua:0"
finished sourcing nvim_exec2() called at /Users/hanifmuhammad/.config/nvim/init.lua:0
continuing in /Users/hanifmuhammad/.config/nvim/init.lua
line 0: sourcing "nvim_exec2() called at /Users/hanifmuhammad/.config/nvim/init.lua:0"
line 1: sourcing "/Users/hanifmuhammad/.local/share/nvim/lazy/nvim-web-devicons/plugin/nvim-web-devicons.vim"
finished sourcing /Users/hanifmuhammad/.local/share/nvim/lazy/nvim-web-devicons/plugin/nvim-web-devicons.vim
continuing in nvim_exec2() called at /Users/hanifmuhammad/.config/nvim/init.lua:0
finished sourcing nvim_exec2() called at /Users/hanifmuhammad/.config/nvim/init.lua:0
continuing in /Users/hanifmuhammad/.config/nvim/init.lua
line 0: sourcing "nvim_exec2() called at /Users/hanifmuhammad/.config/nvim/init.lua:0"
finished sourcing nvim_exec2() called at /Users/hanifmuhammad/.config/nvim/init.lua:0
continuing in /Users/hanifmuhammad/.config/nvim/init.lua
line 0: sourcing "nvim_exec2() called at /Users/hanifmuhammad/.config/nvim/init.lua:0"
finished sourcing nvim_exec2() called at /Users/hanifmuhammad/.config/nvim/init.lua:0
continuing in /Users/hanifmuhammad/.config/nvim/init.lua
line 0: sourcing "nvim_exec2() called at /Users/hanifmuhammad/.config/nvim/init.lua:0"
finished sourcing nvim_exec2() called at /Users/hanifmuhammad/.config/nvim/init.lua:0
continuing in /Users/hanifmuhammad/.config/nvim/init.lua
line 0: sourcing "nvim_exec2() called at /Users/hanifmuhammad/.config/nvim/init.lua:0"
finished sourcing nvim_exec2() called at /Users/hanifmuhammad/.config/nvim/init.lua:0
continuing in /Users/hanifmuhammad/.config/nvim/init.lua
line 0: sourcing "nvim_exec2() called at /Users/hanifmuhammad/.config/nvim/init.lua:0"
finished sourcing nvim_exec2() called at /Users/hanifmuhammad/.config/nvim/init.lua:0
continuing in /Users/hanifmuhammad/.config/nvim/init.lua
line 0: sourcing "nvim_exec2() called at /Users/hanifmuhammad/.config/nvim/init.lua:0"
finished sourcing nvim_exec2() called at /Users/hanifmuhammad/.config/nvim/init.lua:0
continuing in /Users/hanifmuhammad/.config/nvim/init.lua
line 0: sourcing "nvim_exec2() called at /Users/hanifmuhammad/.config/nvim/init.lua:0"
line 1: sourcing "/Users/hanifmuhammad/.local/share/nvim/lazy/plenary.nvim/plugin/plenary.vim"
finished sourcing /Users/hanifmuhammad/.local/share/nvim/lazy/plenary.nvim/plugin/plenary.vim
continuing in nvim_exec2() called at /Users/hanifmuhammad/.config/nvim/init.lua:0
finished sourcing nvim_exec2() called at /Users/hanifmuhammad/.config/nvim/init.lua:0
continuing in /Users/hanifmuhammad/.config/nvim/init.lua
line 0: sourcing "nvim_exec2() called at /Users/hanifmuhammad/.config/nvim/init.lua:0"
finished sourcing nvim_exec2() called at /Users/hanifmuhammad/.config/nvim/init.lua:0
continuing in /Users/hanifmuhammad/.config/nvim/init.lua
line 0: sourcing "nvim_exec2() called at /Users/hanifmuhammad/.config/nvim/init.lua:0"
finished sourcing nvim_exec2() called at /Users/hanifmuhammad/.config/nvim/init.lua:0
continuing in /Users/hanifmuhammad/.config/nvim/init.lua
line 0: sourcing "nvim_exec2() called at /Users/hanifmuhammad/.config/nvim/init.lua:0"
line 1: sourcing "/Users/hanifmuhammad/.local/share/nvim/lazy/VectorCode/plugin/vectorcode.lua"
finished sourcing /Users/hanifmuhammad/.local/share/nvim/lazy/VectorCode/plugin/vectorcode.lua
continuing in nvim_exec2() called at /Users/hanifmuhammad/.config/nvim/init.lua:0
finished sourcing nvim_exec2() called at /Users/hanifmuhammad/.config/nvim/init.lua:0
continuing in /Users/hanifmuhammad/.config/nvim/init.lua
line 0: sourcing "nvim_exec2() called at /Users/hanifmuhammad/.config/nvim/init.lua:0"
finished sourcing nvim_exec2() called at /Users/hanifmuhammad/.config/nvim/init.lua:0
continuing in /Users/hanifmuhammad/.config/nvim/init.lua
line 0: sourcing "nvim_exec2() called at /Users/hanifmuhammad/.config/nvim/init.lua:0"
finished sourcing nvim_exec2() called at /Users/hanifmuhammad/.config/nvim/init.lua:0
continuing in /Users/hanifmuhammad/.config/nvim/init.lua
line 0: sourcing "nvim_exec2() called at /Users/hanifmuhammad/.config/nvim/init.lua:0"
line 1: sourcing "/Users/hanifmuhammad/.local/share/nvim/lazy/nvim-cmp/plugin/cmp.lua"
line 0: sourcing "nvim_exec2() called at /Users/hanifmuhammad/.local/share/nvim/lazy/nvim-cmp/plugin/cmp.lua:0"
finished sourcing nvim_exec2() called at /Users/hanifmuhammad/.local/share/nvim/lazy/nvim-cmp/plugin/cmp.lua:0
continuing in /Users/hanifmuhammad/.local/share/nvim/lazy/nvim-cmp/plugin/cmp.lua
finished sourcing /Users/hanifmuhammad/.local/share/nvim/lazy/nvim-cmp/plugin/cmp.lua
continuing in nvim_exec2() called at /Users/hanifmuhammad/.config/nvim/init.lua:0
finished sourcing nvim_exec2() called at /Users/hanifmuhammad/.config/nvim/init.lua:0
continuing in /Users/hanifmuhammad/.config/nvim/init.lua
line 0: sourcing "nvim_exec2() called at /Users/hanifmuhammad/.config/nvim/init.lua:0"
finished sourcing nvim_exec2() called at /Users/hanifmuhammad/.config/nvim/init.lua:0
continuing in /Users/hanifmuhammad/.config/nvim/init.lua
line 0: sourcing "nvim_exec2() called at /Users/hanifmuhammad/.config/nvim/init.lua:0"
finished sourcing nvim_exec2() called at /Users/hanifmuhammad/.config/nvim/init.lua:0
continuing in /Users/hanifmuhammad/.config/nvim/init.lua
line 0: sourcing "nvim_exec2() called at /Users/hanifmuhammad/.config/nvim/init.lua:0"
finished sourcing nvim_exec2() called at /Users/hanifmuhammad/.config/nvim/init.lua:0
continuing in /Users/hanifmuhammad/.config/nvim/init.lua
line 0: sourcing "nvim_exec2() called at /Users/hanifmuhammad/.config/nvim/init.lua:0"
finished sourcing nvim_exec2() called at /Users/hanifmuhammad/.config/nvim/init.lua:0
continuing in /Users/hanifmuhammad/.config/nvim/init.lua
line 0: sourcing "nvim_exec2() called at /Users/hanifmuhammad/.config/nvim/init.lua:0"
finished sourcing nvim_exec2() called at /Users/hanifmuhammad/.config/nvim/init.lua:0
continuing in /Users/hanifmuhammad/.config/nvim/init.lua
line 0: sourcing "nvim_exec2() called at /Users/hanifmuhammad/.config/nvim/init.lua:0"
finished sourcing nvim_exec2() called at /Users/hanifmuhammad/.config/nvim/init.lua:0
continuing in /Users/hanifmuhammad/.config/nvim/init.lua
line 0: sourcing "nvim_exec2() called at /Users/hanifmuhammad/.config/nvim/init.lua:0"
finished sourcing nvim_exec2() called at /Users/hanifmuhammad/.config/nvim/init.lua:0
continuing in /Users/hanifmuhammad/.config/nvim/init.lua
line 0: sourcing "nvim_exec2() called at /Users/hanifmuhammad/.config/nvim/init.lua:0"
finished sourcing nvim_exec2() called at /Users/hanifmuhammad/.config/nvim/init.lua:0
continuing in /Users/hanifmuhammad/.config/nvim/init.lua
line 0: sourcing "nvim_exec2() called at /Users/hanifmuhammad/.config/nvim/init.lua:0"
finished sourcing nvim_exec2() called at /Users/hanifmuhammad/.config/nvim/init.lua:0
continuing in /Users/hanifmuhammad/.config/nvim/init.lua
line 0: sourcing "nvim_exec2() called at /Users/hanifmuhammad/.config/nvim/init.lua:0"
finished sourcing nvim_exec2() called at /Users/hanifmuhammad/.config/nvim/init.lua:0
continuing in /Users/hanifmuhammad/.config/nvim/init.lua
line 0: sourcing "nvim_exec2() called at /Users/hanifmuhammad/.config/nvim/init.lua:0"
finished sourcing nvim_exec2() called at /Users/hanifmuhammad/.config/nvim/init.lua:0
continuing in /Users/hanifmuhammad/.config/nvim/init.lua
line 0: sourcing "nvim_exec2() called at /Users/hanifmuhammad/.config/nvim/init.lua:0"
finished sourcing nvim_exec2() called at /Users/hanifmuhammad/.config/nvim/init.lua:0
continuing in /Users/hanifmuhammad/.config/nvim/init.lua
line 0: sourcing "nvim_exec2() called at /Users/hanifmuhammad/.config/nvim/init.lua:0"
finished sourcing nvim_exec2() called at /Users/hanifmuhammad/.config/nvim/init.lua:0
continuing in /Users/hanifmuhammad/.config/nvim/init.lua
line 0: sourcing "nvim_exec2() called at /Users/hanifmuhammad/.config/nvim/init.lua:0"
finished sourcing nvim_exec2() called at /Users/hanifmuhammad/.config/nvim/init.lua:0
continuing in /Users/hanifmuhammad/.config/nvim/init.lua
line 0: sourcing "nvim_exec2() called at /Users/hanifmuhammad/.config/nvim/init.lua:0"
finished sourcing nvim_exec2() called at /Users/hanifmuhammad/.config/nvim/init.lua:0
continuing in /Users/hanifmuhammad/.config/nvim/init.lua
line 0: sourcing "nvim_exec2() called at /Users/hanifmuhammad/.config/nvim/init.lua:0"
finished sourcing nvim_exec2() called at /Users/hanifmuhammad/.config/nvim/init.lua:0
continuing in /Users/hanifmuhammad/.config/nvim/init.lua
line 0: sourcing "nvim_exec2() called at /Users/hanifmuhammad/.config/nvim/init.lua:0"
finished sourcing nvim_exec2() called at /Users/hanifmuhammad/.config/nvim/init.lua:0
continuing in /Users/hanifmuhammad/.config/nvim/init.lua
line 0: sourcing "nvim_exec2() called at /Users/hanifmuhammad/.config/nvim/init.lua:0"
finished sourcing nvim_exec2() called at /Users/hanifmuhammad/.config/nvim/init.lua:0
continuing in /Users/hanifmuhammad/.config/nvim/init.lua
line 0: sourcing "nvim_exec2() called at /Users/hanifmuhammad/.config/nvim/init.lua:0"
finished sourcing nvim_exec2() called at /Users/hanifmuhammad/.config/nvim/init.lua:0
continuing in /Users/hanifmuhammad/.config/nvim/init.lua
line 0: sourcing "nvim_exec2() called at /Users/hanifmuhammad/.config/nvim/init.lua:0"
finished sourcing nvim_exec2() called at /Users/hanifmuhammad/.config/nvim/init.lua:0
continuing in /Users/hanifmuhammad/.config/nvim/init.lua
line 0: sourcing "nvim_exec2() called at /Users/hanifmuhammad/.config/nvim/init.lua:0"
finished sourcing nvim_exec2() called at /Users/hanifmuhammad/.config/nvim/init.lua:0
continuing in /Users/hanifmuhammad/.config/nvim/init.lua
line 0: sourcing "nvim_exec2() called at /Users/hanifmuhammad/.config/nvim/init.lua:0"
--- Autocommands ---
finished sourcing nvim_exec2() called at /Users/hanifmuhammad/.config/nvim/init.lua:0
continuing in /Users/hanifmuhammad/.config/nvim/init.lua
line 0: sourcing "nvim_exec2() called at /Users/hanifmuhammad/.config/nvim/init.lua:0"
finished sourcing nvim_exec2() called at /Users/hanifmuhammad/.config/nvim/init.lua:0
continuing in /Users/hanifmuhammad/.config/nvim/init.lua
line 0: sourcing "nvim_exec2() called at /Users/hanifmuhammad/.config/nvim/init.lua:0"
finished sourcing nvim_exec2() called at /Users/hanifmuhammad/.config/nvim/init.lua:0
continuing in /Users/hanifmuhammad/.config/nvim/init.lua
line 0: sourcing "nvim_exec2() called at /Users/hanifmuhammad/.config/nvim/init.lua:0"
finished sourcing nvim_exec2() called at /Users/hanifmuhammad/.config/nvim/init.lua:0
continuing in /Users/hanifmuhammad/.config/nvim/init.lua
line 0: sourcing "nvim_exec2() called at /Users/hanifmuhammad/.config/nvim/init.lua:0"
finished sourcing nvim_exec2() called at /Users/hanifmuhammad/.config/nvim/init.lua:0
continuing in /Users/hanifmuhammad/.config/nvim/init.lua
line 0: sourcing "nvim_exec2() called at /Users/hanifmuhammad/.config/nvim/init.lua:0"
finished sourcing nvim_exec2() called at /Users/hanifmuhammad/.config/nvim/init.lua:0
continuing in /Users/hanifmuhammad/.config/nvim/init.lua
line 0: sourcing "nvim_exec2() called at /Users/hanifmuhammad/.config/nvim/init.lua:0"
finished sourcing nvim_exec2() called at /Users/hanifmuhammad/.config/nvim/init.lua:0
continuing in /Users/hanifmuhammad/.config/nvim/init.lua
line 0: sourcing "nvim_exec2() called at /Users/hanifmuhammad/.config/nvim/init.lua:0"
finished sourcing nvim_exec2() called at /Users/hanifmuhammad/.config/nvim/init.lua:0
continuing in /Users/hanifmuhammad/.config/nvim/init.lua
line 0: sourcing "nvim_exec2() called at /Users/hanifmuhammad/.config/nvim/init.lua:0"
finished sourcing nvim_exec2() called at /Users/hanifmuhammad/.config/nvim/init.lua:0
continuing in /Users/hanifmuhammad/.config/nvim/init.lua
line 0: sourcing "nvim_exec2() called at /Users/hanifmuhammad/.config/nvim/init.lua:0"
finished sourcing nvim_exec2() called at /Users/hanifmuhammad/.config/nvim/init.lua:0
continuing in /Users/hanifmuhammad/.config/nvim/init.lua
line 0: sourcing "nvim_exec2() called at /Users/hanifmuhammad/.config/nvim/init.lua:0"
finished sourcing nvim_exec2() called at /Users/hanifmuhammad/.config/nvim/init.lua:0
continuing in /Users/hanifmuhammad/.config/nvim/init.lua
line 0: sourcing "nvim_exec2() called at /Users/hanifmuhammad/.config/nvim/init.lua:0"
finished sourcing nvim_exec2() called at /Users/hanifmuhammad/.config/nvim/init.lua:0
continuing in /Users/hanifmuhammad/.config/nvim/init.lua
line 0: sourcing "nvim_exec2() called at /Users/hanifmuhammad/.config/nvim/init.lua:0"
finished sourcing nvim_exec2() called at /Users/hanifmuhammad/.config/nvim/init.lua:0
continuing in /Users/hanifmuhammad/.config/nvim/init.lua
line 0: sourcing "nvim_exec2() called at /Users/hanifmuhammad/.config/nvim/init.lua:0"
finished sourcing nvim_exec2() called at /Users/hanifmuhammad/.config/nvim/init.lua:0
continuing in /Users/hanifmuhammad/.config/nvim/init.lua
line 0: sourcing "nvim_exec2() called at /Users/hanifmuhammad/.config/nvim/init.lua:0"
finished sourcing nvim_exec2() called at /Users/hanifmuhammad/.config/nvim/init.lua:0
continuing in /Users/hanifmuhammad/.config/nvim/init.lua
line 0: sourcing "nvim_exec2() called at /Users/hanifmuhammad/.config/nvim/init.lua:0"
finished sourcing nvim_exec2() called at /Users/hanifmuhammad/.config/nvim/init.lua:0
continuing in /Users/hanifmuhammad/.config/nvim/init.lua
line 0: sourcing "nvim_exec2() called at /Users/hanifmuhammad/.config/nvim/init.lua:0"
finished sourcing nvim_exec2() called at /Users/hanifmuhammad/.config/nvim/init.lua:0
continuing in /Users/hanifmuhammad/.config/nvim/init.lua
line 0: sourcing "nvim_exec2() called at /Users/hanifmuhammad/.config/nvim/init.lua:0"
finished sourcing nvim_exec2() called at /Users/hanifmuhammad/.config/nvim/init.lua:0
continuing in /Users/hanifmuhammad/.config/nvim/init.lua
line 0: sourcing "nvim_exec2() called at /Users/hanifmuhammad/.config/nvim/init.lua:0"
finished sourcing nvim_exec2() called at /Users/hanifmuhammad/.config/nvim/init.lua:0
continuing in /Users/hanifmuhammad/.config/nvim/init.lua
line 0: sourcing "nvim_exec2() called at /Users/hanifmuhammad/.config/nvim/init.lua:0"
finished sourcing nvim_exec2() called at /Users/hanifmuhammad/.config/nvim/init.lua:0
continuing in /Users/hanifmuhammad/.config/nvim/init.lua
line 0: sourcing "nvim_exec2() called at /Users/hanifmuhammad/.config/nvim/init.lua:0"
finished sourcing nvim_exec2() called at /Users/hanifmuhammad/.config/nvim/init.lua:0
continuing in /Users/hanifmuhammad/.config/nvim/init.lua
line 0: sourcing "nvim_exec2() called at /Users/hanifmuhammad/.config/nvim/init.lua:0"
finished sourcing nvim_exec2() called at /Users/hanifmuhammad/.config/nvim/init.lua:0
continuing in /Users/hanifmuhammad/.config/nvim/init.lua
line 0: sourcing "nvim_exec2() called at /Users/hanifmuhammad/.config/nvim/init.lua:0"
finished sourcing nvim_exec2() called at /Users/hanifmuhammad/.config/nvim/init.lua:0
continuing in /Users/hanifmuhammad/.config/nvim/init.lua
line 0: sourcing "nvim_exec2() called at /Users/hanifmuhammad/.config/nvim/init.lua:0"
--- Autocommands ---
lualine  BufEnter
    *         lua require'lualine.components.branch.git_branch'.find_git_dir()
	Last set from ~/.local/share/nvim/lazy/lualine.nvim/lua/lualine/utils/utils.lua line 98
finished sourcing nvim_exec2() called at /Users/hanifmuhammad/.config/nvim/init.lua:0
continuing in /Users/hanifmuhammad/.config/nvim/init.lua
line 0: sourcing "nvim_exec2() called at /Users/hanifmuhammad/.config/nvim/init.lua:0"
finished sourcing nvim_exec2() called at /Users/hanifmuhammad/.config/nvim/init.lua:0
continuing in /Users/hanifmuhammad/.config/nvim/init.lua
line 0: sourcing "nvim_exec2() called at /Users/hanifmuhammad/.config/nvim/init.lua:0"
--- Autocommands ---
finished sourcing nvim_exec2() called at /Users/hanifmuhammad/.config/nvim/init.lua:0
continuing in /Users/hanifmuhammad/.config/nvim/init.lua
line 0: sourcing "nvim_exec2() called at /Users/hanifmuhammad/.config/nvim/init.lua:0"
finished sourcing nvim_exec2() called at /Users/hanifmuhammad/.config/nvim/init.lua:0
continuing in /Users/hanifmuhammad/.config/nvim/init.lua
line 0: sourcing "nvim_exec2() called at /Users/hanifmuhammad/.config/nvim/init.lua:0"
finished sourcing nvim_exec2() called at /Users/hanifmuhammad/.config/nvim/init.lua:0
continuing in /Users/hanifmuhammad/.config/nvim/init.lua
line 0: sourcing "nvim_exec2() called at /Users/hanifmuhammad/.config/nvim/init.lua:0"
finished sourcing nvim_exec2() called at /Users/hanifmuhammad/.config/nvim/init.lua:0
continuing in /Users/hanifmuhammad/.config/nvim/init.lua
line 0: sourcing "nvim_exec2() called at /Users/hanifmuhammad/.config/nvim/init.lua:0"
finished sourcing nvim_exec2() called at /Users/hanifmuhammad/.config/nvim/init.lua:0
continuing in /Users/hanifmuhammad/.config/nvim/init.lua
line 0: sourcing "nvim_exec2() called at /Users/hanifmuhammad/.config/nvim/init.lua:0"
finished sourcing nvim_exec2() called at /Users/hanifmuhammad/.config/nvim/init.lua:0
continuing in /Users/hanifmuhammad/.config/nvim/init.lua
line 0: sourcing "nvim_exec2() called at /Users/hanifmuhammad/.config/nvim/init.lua:0"
finished sourcing nvim_exec2() called at /Users/hanifmuhammad/.config/nvim/init.lua:0
continuing in /Users/hanifmuhammad/.config/nvim/init.lua
line 0: sourcing "nvim_exec2() called at /Users/hanifmuhammad/.config/nvim/init.lua:0"
finished sourcing nvim_exec2() called at /Users/hanifmuhammad/.config/nvim/init.lua:0
continuing in /Users/hanifmuhammad/.config/nvim/init.lua
line 0: sourcing "nvim_exec2() called at /Users/hanifmuhammad/.config/nvim/init.lua:0"
finished sourcing nvim_exec2() called at /Users/hanifmuhammad/.config/nvim/init.lua:0
continuing in /Users/hanifmuhammad/.config/nvim/init.lua
line 0: sourcing "nvim_exec2() called at /Users/hanifmuhammad/.config/nvim/init.lua:0"
finished sourcing nvim_exec2() called at /Users/hanifmuhammad/.config/nvim/init.lua:0
continuing in /Users/hanifmuhammad/.config/nvim/init.lua
line 0: sourcing "nvim_exec2() called at /Users/hanifmuhammad/.config/nvim/init.lua:0"
finished sourcing nvim_exec2() called at /Users/hanifmuhammad/.config/nvim/init.lua:0
continuing in /Users/hanifmuhammad/.config/nvim/init.lua
line 0: sourcing "nvim_exec2() called at /Users/hanifmuhammad/.config/nvim/init.lua:0"
finished sourcing nvim_exec2() called at /Users/hanifmuhammad/.config/nvim/init.lua:0
continuing in /Users/hanifmuhammad/.config/nvim/init.lua
line 0: sourcing "nvim_exec2() called at /Users/hanifmuhammad/.config/nvim/init.lua:0"
finished sourcing nvim_exec2() called at /Users/hanifmuhammad/.config/nvim/init.lua:0
continuing in /Users/hanifmuhammad/.config/nvim/init.lua
line 0: sourcing "nvim_exec2() called at /Users/hanifmuhammad/.config/nvim/init.lua:0"
finished sourcing nvim_exec2() called at /Users/hanifmuhammad/.config/nvim/init.lua:0
continuing in /Users/hanifmuhammad/.config/nvim/init.lua
line 0: sourcing "nvim_exec2() called at /Users/hanifmuhammad/.config/nvim/init.lua:0"
finished sourcing nvim_exec2() called at /Users/hanifmuhammad/.config/nvim/init.lua:0
continuing in /Users/hanifmuhammad/.config/nvim/init.lua
line 0: sourcing "nvim_exec2() called at /Users/hanifmuhammad/.config/nvim/init.lua:0"
finished sourcing nvim_exec2() called at /Users/hanifmuhammad/.config/nvim/init.lua:0
continuing in /Users/hanifmuhammad/.config/nvim/init.lua
line 0: sourcing "nvim_exec2() called at /Users/hanifmuhammad/.config/nvim/init.lua:0"
finished sourcing nvim_exec2() called at /Users/hanifmuhammad/.config/nvim/init.lua:0
continuing in /Users/hanifmuhammad/.config/nvim/init.lua
line 0: sourcing "nvim_exec2() called at /Users/hanifmuhammad/.config/nvim/init.lua:0"
finished sourcing nvim_exec2() called at /Users/hanifmuhammad/.config/nvim/init.lua:0
continuing in /Users/hanifmuhammad/.config/nvim/init.lua
line 0: sourcing "nvim_exec2() called at /Users/hanifmuhammad/.config/nvim/init.lua:0"
finished sourcing nvim_exec2() called at /Users/hanifmuhammad/.config/nvim/init.lua:0
continuing in /Users/hanifmuhammad/.config/nvim/init.lua
line 0: sourcing "nvim_exec2() called at /Users/hanifmuhammad/.config/nvim/init.lua:0"
finished sourcing nvim_exec2() called at /Users/hanifmuhammad/.config/nvim/init.lua:0
continuing in /Users/hanifmuhammad/.config/nvim/init.lua
line 0: sourcing "nvim_exec2() called at /Users/hanifmuhammad/.config/nvim/init.lua:0"
finished sourcing nvim_exec2() called at /Users/hanifmuhammad/.config/nvim/init.lua:0
continuing in /Users/hanifmuhammad/.config/nvim/init.lua
line 0: sourcing "nvim_exec2() called at /Users/hanifmuhammad/.config/nvim/init.lua:0"
finished sourcing nvim_exec2() called at /Users/hanifmuhammad/.config/nvim/init.lua:0
continuing in /Users/hanifmuhammad/.config/nvim/init.lua
line 0: sourcing "nvim_exec2() called at /Users/hanifmuhammad/.config/nvim/init.lua:0"
finished sourcing nvim_exec2() called at /Users/hanifmuhammad/.config/nvim/init.lua:0
continuing in /Users/hanifmuhammad/.config/nvim/init.lua
line 0: sourcing "nvim_exec2() called at /Users/hanifmuhammad/.config/nvim/init.lua:0"
finished sourcing nvim_exec2() called at /Users/hanifmuhammad/.config/nvim/init.lua:0
continuing in /Users/hanifmuhammad/.config/nvim/init.lua
line 0: sourcing "nvim_exec2() called at /Users/hanifmuhammad/.config/nvim/init.lua:0"
finished sourcing nvim_exec2() called at /Users/hanifmuhammad/.config/nvim/init.lua:0
continuing in /Users/hanifmuhammad/.config/nvim/init.lua
line 0: sourcing "nvim_exec2() called at /Users/hanifmuhammad/.config/nvim/init.lua:0"
finished sourcing nvim_exec2() called at /Users/hanifmuhammad/.config/nvim/init.lua:0
continuing in /Users/hanifmuhammad/.config/nvim/init.lua
line 0: sourcing "nvim_exec2() called at /Users/hanifmuhammad/.config/nvim/init.lua:0"
finished sourcing nvim_exec2() called at /Users/hanifmuhammad/.config/nvim/init.lua:0
continuing in /Users/hanifmuhammad/.config/nvim/init.lua
line 0: sourcing "nvim_exec2() called at /Users/hanifmuhammad/.config/nvim/init.lua:0"
finished sourcing nvim_exec2() called at /Users/hanifmuhammad/.config/nvim/init.lua:0
continuing in /Users/hanifmuhammad/.config/nvim/init.lua
line 0: sourcing "nvim_exec2() called at /Users/hanifmuhammad/.config/nvim/init.lua:0"
finished sourcing nvim_exec2() called at /Users/hanifmuhammad/.config/nvim/init.lua:0
continuing in /Users/hanifmuhammad/.config/nvim/init.lua
line 0: sourcing "nvim_exec2() called at /Users/hanifmuhammad/.config/nvim/init.lua:0"
finished sourcing nvim_exec2() called at /Users/hanifmuhammad/.config/nvim/init.lua:0
continuing in /Users/hanifmuhammad/.config/nvim/init.lua
line 0: sourcing "nvim_exec2() called at /Users/hanifmuhammad/.config/nvim/init.lua:0"
line 1: sourcing "/Users/hanifmuhammad/.local/share/nvim/lazy/todo-comments.nvim/plugin/todo.vim"
finished sourcing /Users/hanifmuhammad/.local/share/nvim/lazy/todo-comments.nvim/plugin/todo.vim
continuing in nvim_exec2() called at /Users/hanifmuhammad/.config/nvim/init.lua:0
finished sourcing nvim_exec2() called at /Users/hanifmuhammad/.config/nvim/init.lua:0
continuing in /Users/hanifmuhammad/.config/nvim/init.lua
line 0: sourcing "nvim_exec2() called at /Users/hanifmuhammad/.config/nvim/init.lua:0"
finished sourcing nvim_exec2() called at /Users/hanifmuhammad/.config/nvim/init.lua:0
continuing in /Users/hanifmuhammad/.config/nvim/init.lua
line 0: sourcing "nvim_exec2() called at /Users/hanifmuhammad/.config/nvim/init.lua:0"
finished sourcing nvim_exec2() called at /Users/hanifmuhammad/.config/nvim/init.lua:0
continuing in /Users/hanifmuhammad/.config/nvim/init.lua
line 0: sourcing "nvim_exec2() called at /Users/hanifmuhammad/.config/nvim/init.lua:0"
line 1: sourcing "/Users/hanifmuhammad/.local/share/nvim/lazy/telescope.nvim/plugin/telescope.lua"
finished sourcing /Users/hanifmuhammad/.local/share/nvim/lazy/telescope.nvim/plugin/telescope.lua
continuing in nvim_exec2() called at /Users/hanifmuhammad/.config/nvim/init.lua:0
finished sourcing nvim_exec2() called at /Users/hanifmuhammad/.config/nvim/init.lua:0
continuing in /Users/hanifmuhammad/.config/nvim/init.lua
line 0: sourcing "nvim_exec2() called at /Users/hanifmuhammad/.config/nvim/init.lua:0"
finished sourcing nvim_exec2() called at /Users/hanifmuhammad/.config/nvim/init.lua:0
continuing in /Users/hanifmuhammad/.config/nvim/init.lua
line 0: sourcing "nvim_exec2() called at /Users/hanifmuhammad/.config/nvim/init.lua:0"
finished sourcing nvim_exec2() called at /Users/hanifmuhammad/.config/nvim/init.lua:0
continuing in /Users/hanifmuhammad/.config/nvim/init.lua
line 0: sourcing "nvim_exec2() called at /Users/hanifmuhammad/.config/nvim/init.lua:0"
finished sourcing nvim_exec2() called at /Users/hanifmuhammad/.config/nvim/init.lua:0
continuing in /Users/hanifmuhammad/.config/nvim/init.lua
line 0: sourcing "nvim_exec2() called at /Users/hanifmuhammad/.config/nvim/init.lua:0"
finished sourcing nvim_exec2() called at /Users/hanifmuhammad/.config/nvim/init.lua:0
continuing in /Users/hanifmuhammad/.config/nvim/init.lua
line 0: sourcing "nvim_exec2() called at /Users/hanifmuhammad/.config/nvim/init.lua:0"
line 1: sourcing "/Users/hanifmuhammad/.local/share/nvim/lazy/vim-fugitive/plugin/fugitive.vim"
finished sourcing /Users/hanifmuhammad/.local/share/nvim/lazy/vim-fugitive/plugin/fugitive.vim
continuing in nvim_exec2() called at /Users/hanifmuhammad/.config/nvim/init.lua:0
finished sourcing nvim_exec2() called at /Users/hanifmuhammad/.config/nvim/init.lua:0
continuing in /Users/hanifmuhammad/.config/nvim/init.lua
line 0: sourcing "nvim_exec2() called at /Users/hanifmuhammad/.config/nvim/init.lua:0"
finished sourcing nvim_exec2() called at /Users/hanifmuhammad/.config/nvim/init.lua:0
continuing in /Users/hanifmuhammad/.config/nvim/init.lua
line 0: sourcing "nvim_exec2() called at /Users/hanifmuhammad/.config/nvim/init.lua:0"
line 1: sourcing "/Users/hanifmuhammad/.local/share/nvim/lazy/vim-fugitive/ftdetect/fugitive.vim"
finished sourcing /Users/hanifmuhammad/.local/share/nvim/lazy/vim-fugitive/ftdetect/fugitive.vim
continuing in nvim_exec2() called at /Users/hanifmuhammad/.config/nvim/init.lua:0
finished sourcing nvim_exec2() called at /Users/hanifmuhammad/.config/nvim/init.lua:0
continuing in /Users/hanifmuhammad/.config/nvim/init.lua
line 0: sourcing "nvim_exec2() called at /Users/hanifmuhammad/.config/nvim/init.lua:0"
finished sourcing nvim_exec2() called at /Users/hanifmuhammad/.config/nvim/init.lua:0
continuing in /Users/hanifmuhammad/.config/nvim/init.lua
line 0: sourcing "nvim_exec2() called at /Users/hanifmuhammad/.config/nvim/init.lua:0"
finished sourcing nvim_exec2() called at /Users/hanifmuhammad/.config/nvim/init.lua:0
continuing in /Users/hanifmuhammad/.config/nvim/init.lua
line 0: sourcing "nvim_exec2() called at /Users/hanifmuhammad/.config/nvim/init.lua:0"
finished sourcing nvim_exec2() called at /Users/hanifmuhammad/.config/nvim/init.lua:0
continuing in /Users/hanifmuhammad/.config/nvim/init.lua
line 0: sourcing "nvim_exec2() called at /Users/hanifmuhammad/.config/nvim/init.lua:0"
line 1: sourcing "/Users/hanifmuhammad/.local/share/nvim/lazy/nvim-treesitter/plugin/nvim-treesitter.lua"
finished sourcing /Users/hanifmuhammad/.local/share/nvim/lazy/nvim-treesitter/plugin/nvim-treesitter.lua
continuing in nvim_exec2() called at /Users/hanifmuhammad/.config/nvim/init.lua:0
finished sourcing nvim_exec2() called at /Users/hanifmuhammad/.config/nvim/init.lua:0
continuing in /Users/hanifmuhammad/.config/nvim/init.lua
line 0: sourcing "nvim_exec2() called at /Users/hanifmuhammad/.config/nvim/init.lua:0"
finished sourcing nvim_exec2() called at /Users/hanifmuhammad/.config/nvim/init.lua:0
continuing in /Users/hanifmuhammad/.config/nvim/init.lua
line 0: sourcing "nvim_exec2() called at /Users/hanifmuhammad/.config/nvim/init.lua:0"
finished sourcing nvim_exec2() called at /Users/hanifmuhammad/.config/nvim/init.lua:0
continuing in /Users/hanifmuhammad/.config/nvim/init.lua
line 0: sourcing "nvim_exec2() called at /Users/hanifmuhammad/.config/nvim/init.lua:0"
line 1: sourcing "/Users/hanifmuhammad/.local/share/nvim/lazy/undotree/plugin/undotree.vim"
finished sourcing /Users/hanifmuhammad/.local/share/nvim/lazy/undotree/plugin/undotree.vim
continuing in nvim_exec2() called at /Users/hanifmuhammad/.config/nvim/init.lua:0
finished sourcing nvim_exec2() called at /Users/hanifmuhammad/.config/nvim/init.lua:0
continuing in /Users/hanifmuhammad/.config/nvim/init.lua
line 0: sourcing "nvim_exec2() called at /Users/hanifmuhammad/.config/nvim/init.lua:0"
finished sourcing nvim_exec2() called at /Users/hanifmuhammad/.config/nvim/init.lua:0
continuing in /Users/hanifmuhammad/.config/nvim/init.lua
line 0: sourcing "nvim_exec2() called at /Users/hanifmuhammad/.config/nvim/init.lua:0"
finished sourcing nvim_exec2() called at /Users/hanifmuhammad/.config/nvim/init.lua:0
continuing in /Users/hanifmuhammad/.config/nvim/init.lua
line 0: sourcing "nvim_exec2() called at /Users/hanifmuhammad/.config/nvim/init.lua:0"
line 1: sourcing "/Users/hanifmuhammad/.local/share/nvim/lazy/vim-visual-multi/plugin/visual-multi.vim"
line 65: sourcing "/Users/hanifmuhammad/.local/share/nvim/lazy/vim-visual-multi/autoload/vm/plugs.vim"
finished sourcing /Users/hanifmuhammad/.local/share/nvim/lazy/vim-visual-multi/autoload/vm/plugs.vim
continuing in /Users/hanifmuhammad/.local/share/nvim/lazy/vim-visual-multi/plugin/visual-multi.vim
line 66: sourcing "/Users/hanifmuhammad/.local/share/nvim/lazy/vim-visual-multi/autoload/vm/maps.vim"
finished sourcing /Users/hanifmuhammad/.local/share/nvim/lazy/vim-visual-multi/autoload/vm/maps.vim
continuing in /Users/hanifmuhammad/.local/share/nvim/lazy/vim-visual-multi/plugin/visual-multi.vim
line 13: sourcing "/Users/hanifmuhammad/.local/share/nvim/lazy/vim-visual-multi/autoload/vm/maps/all.vim"
finished sourcing /Users/hanifmuhammad/.local/share/nvim/lazy/vim-visual-multi/autoload/vm/maps/all.vim
continuing in <SNR>59_build_permanent_maps
finished sourcing /Users/hanifmuhammad/.local/share/nvim/lazy/vim-visual-multi/plugin/visual-multi.vim
continuing in nvim_exec2() called at /Users/hanifmuhammad/.config/nvim/init.lua:0
finished sourcing nvim_exec2() called at /Users/hanifmuhammad/.config/nvim/init.lua:0
continuing in /Users/hanifmuhammad/.config/nvim/init.lua
line 0: sourcing "nvim_exec2() called at /Users/hanifmuhammad/.config/nvim/init.lua:0"
finished sourcing nvim_exec2() called at /Users/hanifmuhammad/.config/nvim/init.lua:0
continuing in /Users/hanifmuhammad/.config/nvim/init.lua
line 0: sourcing "nvim_exec2() called at /Users/hanifmuhammad/.config/nvim/init.lua:0"
finished sourcing nvim_exec2() called at /Users/hanifmuhammad/.config/nvim/init.lua:0
continuing in /Users/hanifmuhammad/.config/nvim/init.lua
line 0: sourcing "nvim_exec2() called at /Users/hanifmuhammad/.config/nvim/init.lua:0"
finished sourcing nvim_exec2() called at /Users/hanifmuhammad/.config/nvim/init.lua:0
continuing in /Users/hanifmuhammad/.config/nvim/init.lua
line 0: sourcing "nvim_exec2() called at /Users/hanifmuhammad/.config/nvim/init.lua:0"
finished sourcing nvim_exec2() called at /Users/hanifmuhammad/.config/nvim/init.lua:0
continuing in /Users/hanifmuhammad/.config/nvim/init.lua
line 0: sourcing "nvim_exec2() called at /Users/hanifmuhammad/.config/nvim/init.lua:0"
line 1: sourcing "/Users/hanifmuhammad/.local/share/nvim/lazy/codecompanion.nvim/plugin/codecompanion.lua"
finished sourcing /Users/hanifmuhammad/.local/share/nvim/lazy/codecompanion.nvim/plugin/codecompanion.lua
continuing in nvim_exec2() called at /Users/hanifmuhammad/.config/nvim/init.lua:0
finished sourcing nvim_exec2() called at /Users/hanifmuhammad/.config/nvim/init.lua:0
continuing in /Users/hanifmuhammad/.config/nvim/init.lua
line 0: sourcing "nvim_exec2() called at /Users/hanifmuhammad/.config/nvim/init.lua:0"
finished sourcing nvim_exec2() called at /Users/hanifmuhammad/.config/nvim/init.lua:0
continuing in /Users/hanifmuhammad/.config/nvim/init.lua
line 0: sourcing "nvim_exec2() called at /Users/hanifmuhammad/.config/nvim/init.lua:0"
finished sourcing nvim_exec2() called at /Users/hanifmuhammad/.config/nvim/init.lua:0
continuing in /Users/hanifmuhammad/.config/nvim/init.lua
line 0: sourcing "nvim_exec2() called at /Users/hanifmuhammad/.config/nvim/init.lua:0"
finished sourcing nvim_exec2() called at /Users/hanifmuhammad/.config/nvim/init.lua:0
continuing in /Users/hanifmuhammad/.config/nvim/init.lua
line 0: sourcing "nvim_exec2() called at /Users/hanifmuhammad/.config/nvim/init.lua:0"
line 1: sourcing "/Users/hanifmuhammad/.local/share/nvim/lazy/bullets.vim/plugin/bullets.vim"
finished sourcing /Users/hanifmuhammad/.local/share/nvim/lazy/bullets.vim/plugin/bullets.vim
continuing in nvim_exec2() called at /Users/hanifmuhammad/.config/nvim/init.lua:0
finished sourcing nvim_exec2() called at /Users/hanifmuhammad/.config/nvim/init.lua:0
continuing in /Users/hanifmuhammad/.config/nvim/init.lua
line 0: sourcing "nvim_exec2() called at /Users/hanifmuhammad/.config/nvim/init.lua:0"
finished sourcing nvim_exec2() called at /Users/hanifmuhammad/.config/nvim/init.lua:0
continuing in /Users/hanifmuhammad/.config/nvim/init.lua
line 0: sourcing "nvim_exec2() called at /Users/hanifmuhammad/.config/nvim/init.lua:0"
finished sourcing nvim_exec2() called at /Users/hanifmuhammad/.config/nvim/init.lua:0
continuing in /Users/hanifmuhammad/.config/nvim/init.lua
line 0: sourcing "nvim_exec2() called at /Users/hanifmuhammad/.config/nvim/init.lua:0"
finished sourcing nvim_exec2() called at /Users/hanifmuhammad/.config/nvim/init.lua:0
continuing in /Users/hanifmuhammad/.config/nvim/init.lua
line 0: sourcing "nvim_exec2() called at /Users/hanifmuhammad/.config/nvim/init.lua:0"
finished sourcing nvim_exec2() called at /Users/hanifmuhammad/.config/nvim/init.lua:0
continuing in /Users/hanifmuhammad/.config/nvim/init.lua
line 0: sourcing "nvim_exec2() called at /Users/hanifmuhammad/.config/nvim/init.lua:0"
line 1: sourcing "/Users/hanifmuhammad/.local/share/nvim/lazy/mason-tool-installer.nvim/plugin/mason-tool-installer.lua"
finished sourcing /Users/hanifmuhammad/.local/share/nvim/lazy/mason-tool-installer.nvim/plugin/mason-tool-installer.lua
continuing in nvim_exec2() called at /Users/hanifmuhammad/.config/nvim/init.lua:0
finished sourcing nvim_exec2() called at /Users/hanifmuhammad/.config/nvim/init.lua:0
continuing in /Users/hanifmuhammad/.config/nvim/init.lua
line 0: sourcing "nvim_exec2() called at /Users/hanifmuhammad/.config/nvim/init.lua:0"
finished sourcing nvim_exec2() called at /Users/hanifmuhammad/.config/nvim/init.lua:0
continuing in /Users/hanifmuhammad/.config/nvim/init.lua
line 0: sourcing "nvim_exec2() called at /Users/hanifmuhammad/.config/nvim/init.lua:0"
finished sourcing nvim_exec2() called at /Users/hanifmuhammad/.config/nvim/init.lua:0
continuing in /Users/hanifmuhammad/.config/nvim/init.lua
line 0: sourcing "nvim_exec2() called at /Users/hanifmuhammad/.config/nvim/init.lua:0"
finished sourcing nvim_exec2() called at /Users/hanifmuhammad/.config/nvim/init.lua:0
continuing in /Users/hanifmuhammad/.config/nvim/init.lua
line 0: sourcing "nvim_exec2() called at /Users/hanifmuhammad/.config/nvim/init.lua:0"
finished sourcing nvim_exec2() called at /Users/hanifmuhammad/.config/nvim/init.lua:0
continuing in /Users/hanifmuhammad/.config/nvim/init.lua
line 0: sourcing "nvim_exec2() called at /Users/hanifmuhammad/.config/nvim/init.lua:0"
finished sourcing nvim_exec2() called at /Users/hanifmuhammad/.config/nvim/init.lua:0
continuing in /Users/hanifmuhammad/.config/nvim/init.lua
line 0: sourcing "nvim_exec2() called at /Users/hanifmuhammad/.config/nvim/init.lua:0"
finished sourcing nvim_exec2() called at /Users/hanifmuhammad/.config/nvim/init.lua:0
continuing in /Users/hanifmuhammad/.config/nvim/init.lua
line 0: sourcing "nvim_exec2() called at /Users/hanifmuhammad/.config/nvim/init.lua:0"
finished sourcing nvim_exec2() called at /Users/hanifmuhammad/.config/nvim/init.lua:0
continuing in /Users/hanifmuhammad/.config/nvim/init.lua
line 0: sourcing "nvim_exec2() called at /Users/hanifmuhammad/.config/nvim/init.lua:0"
finished sourcing nvim_exec2() called at /Users/hanifmuhammad/.config/nvim/init.lua:0
continuing in /Users/hanifmuhammad/.config/nvim/init.lua
line 0: sourcing "nvim_exec2() called at /Users/hanifmuhammad/.config/nvim/init.lua:0"
finished sourcing nvim_exec2() called at /Users/hanifmuhammad/.config/nvim/init.lua:0
continuing in /Users/hanifmuhammad/.config/nvim/init.lua
line 0: sourcing "nvim_exec2() called at /Users/hanifmuhammad/.config/nvim/init.lua:0"
finished sourcing nvim_exec2() called at /Users/hanifmuhammad/.config/nvim/init.lua:0
continuing in /Users/hanifmuhammad/.config/nvim/init.lua
line 0: sourcing "nvim_exec2() called at /Users/hanifmuhammad/.config/nvim/init.lua:0"
finished sourcing nvim_exec2() called at /Users/hanifmuhammad/.config/nvim/init.lua:0
continuing in /Users/hanifmuhammad/.config/nvim/init.lua
line 0: sourcing "nvim_exec2() called at /Users/hanifmuhammad/.config/nvim/init.lua:0"
finished sourcing nvim_exec2() called at /Users/hanifmuhammad/.config/nvim/init.lua:0
continuing in /Users/hanifmuhammad/.config/nvim/init.lua
line 0: sourcing "nvim_exec2() called at /Users/hanifmuhammad/.config/nvim/init.lua:0"
finished sourcing nvim_exec2() called at /Users/hanifmuhammad/.config/nvim/init.lua:0
continuing in /Users/hanifmuhammad/.config/nvim/init.lua
line 0: sourcing "nvim_exec2() called at /Users/hanifmuhammad/.config/nvim/init.lua:0"
finished sourcing nvim_exec2() called at /Users/hanifmuhammad/.config/nvim/init.lua:0
continuing in /Users/hanifmuhammad/.config/nvim/init.lua
line 0: sourcing "nvim_exec2() called at /Users/hanifmuhammad/.config/nvim/init.lua:0"
line 1: sourcing "/Users/hanifmuhammad/.local/share/nvim/lazy/LuaSnip/plugin/luasnip.lua"
finished sourcing /Users/hanifmuhammad/.local/share/nvim/lazy/LuaSnip/plugin/luasnip.lua
continuing in nvim_exec2() called at /Users/hanifmuhammad/.config/nvim/init.lua:0
finished sourcing nvim_exec2() called at /Users/hanifmuhammad/.config/nvim/init.lua:0
continuing in /Users/hanifmuhammad/.config/nvim/init.lua
line 0: sourcing "nvim_exec2() called at /Users/hanifmuhammad/.config/nvim/init.lua:0"
line 1: sourcing "/Users/hanifmuhammad/.local/share/nvim/lazy/LuaSnip/plugin/luasnip.vim"
finished sourcing /Users/hanifmuhammad/.local/share/nvim/lazy/LuaSnip/plugin/luasnip.vim
continuing in nvim_exec2() called at /Users/hanifmuhammad/.config/nvim/init.lua:0
finished sourcing nvim_exec2() called at /Users/hanifmuhammad/.config/nvim/init.lua:0
continuing in /Users/hanifmuhammad/.config/nvim/init.lua
line 0: sourcing "nvim_exec2() called at /Users/hanifmuhammad/.config/nvim/init.lua:0"
finished sourcing nvim_exec2() called at /Users/hanifmuhammad/.config/nvim/init.lua:0
continuing in /Users/hanifmuhammad/.config/nvim/init.lua
line 0: sourcing "nvim_exec2() called at /Users/hanifmuhammad/.config/nvim/init.lua:0"
finished sourcing nvim_exec2() called at /Users/hanifmuhammad/.config/nvim/init.lua:0
continuing in /Users/hanifmuhammad/.config/nvim/init.lua
line 0: sourcing "nvim_exec2() called at /Users/hanifmuhammad/.config/nvim/init.lua:0"
finished sourcing nvim_exec2() called at /Users/hanifmuhammad/.config/nvim/init.lua:0
continuing in /Users/hanifmuhammad/.config/nvim/init.lua
line 0: sourcing "nvim_exec2() called at /Users/hanifmuhammad/.config/nvim/init.lua:0"
finished sourcing nvim_exec2() called at /Users/hanifmuhammad/.config/nvim/init.lua:0
continuing in /Users/hanifmuhammad/.config/nvim/init.lua
line 0: sourcing "nvim_exec2() called at /Users/hanifmuhammad/.config/nvim/init.lua:0"
line 1: sourcing "/Users/hanifmuhammad/.local/share/nvim/lazy/nvim-vtsls/plugin/init.lua"
finished sourcing /Users/hanifmuhammad/.local/share/nvim/lazy/nvim-vtsls/plugin/init.lua
continuing in nvim_exec2() called at /Users/hanifmuhammad/.config/nvim/init.lua:0
finished sourcing nvim_exec2() called at /Users/hanifmuhammad/.config/nvim/init.lua:0
continuing in /Users/hanifmuhammad/.config/nvim/init.lua
line 0: sourcing "nvim_exec2() called at /Users/hanifmuhammad/.config/nvim/init.lua:0"
finished sourcing nvim_exec2() called at /Users/hanifmuhammad/.config/nvim/init.lua:0
continuing in /Users/hanifmuhammad/.config/nvim/init.lua
line 0: sourcing "nvim_exec2() called at /Users/hanifmuhammad/.config/nvim/init.lua:0"
finished sourcing nvim_exec2() called at /Users/hanifmuhammad/.config/nvim/init.lua:0
continuing in /Users/hanifmuhammad/.config/nvim/init.lua
line 0: sourcing "nvim_exec2() called at /Users/hanifmuhammad/.config/nvim/init.lua:0"
line 1: sourcing "/Users/hanifmuhammad/.local/share/nvim/lazy/nvim-lspconfig/plugin/lspconfig.lua"
finished sourcing /Users/hanifmuhammad/.local/share/nvim/lazy/nvim-lspconfig/plugin/lspconfig.lua
continuing in nvim_exec2() called at /Users/hanifmuhammad/.config/nvim/init.lua:0
finished sourcing nvim_exec2() called at /Users/hanifmuhammad/.config/nvim/init.lua:0
continuing in /Users/hanifmuhammad/.config/nvim/init.lua
line 0: sourcing "nvim_exec2() called at /Users/hanifmuhammad/.config/nvim/init.lua:0"
finished sourcing nvim_exec2() called at /Users/hanifmuhammad/.config/nvim/init.lua:0
continuing in /Users/hanifmuhammad/.config/nvim/init.lua
line 0: sourcing "nvim_exec2() called at /Users/hanifmuhammad/.config/nvim/init.lua:0"
finished sourcing nvim_exec2() called at /Users/hanifmuhammad/.config/nvim/init.lua:0
continuing in /Users/hanifmuhammad/.config/nvim/init.lua
line 0: sourcing "nvim_exec2() called at /Users/hanifmuhammad/.config/nvim/init.lua:0"
finished sourcing nvim_exec2() called at /Users/hanifmuhammad/.config/nvim/init.lua:0
continuing in /Users/hanifmuhammad/.config/nvim/init.lua
line 0: sourcing "nvim_exec2() called at /Users/hanifmuhammad/.config/nvim/init.lua:0"
line 1: sourcing "/Users/hanifmuhammad/.local/share/nvim/lazy/guihua.lua/ftdetect/guihua.vim"
finished sourcing /Users/hanifmuhammad/.local/share/nvim/lazy/guihua.lua/ftdetect/guihua.vim
continuing in nvim_exec2() called at /Users/hanifmuhammad/.config/nvim/init.lua:0
finished sourcing nvim_exec2() called at /Users/hanifmuhammad/.config/nvim/init.lua:0
continuing in /Users/hanifmuhammad/.config/nvim/init.lua
line 0: sourcing "nvim_exec2() called at /Users/hanifmuhammad/.config/nvim/init.lua:0"
finished sourcing nvim_exec2() called at /Users/hanifmuhammad/.config/nvim/init.lua:0
continuing in /Users/hanifmuhammad/.config/nvim/init.lua
line 0: sourcing "nvim_exec2() called at /Users/hanifmuhammad/.config/nvim/init.lua:0"
finished sourcing nvim_exec2() called at /Users/hanifmuhammad/.config/nvim/init.lua:0
continuing in /Users/hanifmuhammad/.config/nvim/init.lua
line 0: sourcing "nvim_exec2() called at /Users/hanifmuhammad/.config/nvim/init.lua:0"
finished sourcing nvim_exec2() called at /Users/hanifmuhammad/.config/nvim/init.lua:0
continuing in /Users/hanifmuhammad/.config/nvim/init.lua
line 0: sourcing "nvim_exec2() called at /Users/hanifmuhammad/.config/nvim/init.lua:0"
finished sourcing nvim_exec2() called at /Users/hanifmuhammad/.config/nvim/init.lua:0
continuing in /Users/hanifmuhammad/.config/nvim/init.lua
line 0: sourcing "nvim_exec2() called at /Users/hanifmuhammad/.config/nvim/init.lua:0"
finished sourcing nvim_exec2() called at /Users/hanifmuhammad/.config/nvim/init.lua:0
continuing in /Users/hanifmuhammad/.config/nvim/init.lua
line 0: sourcing "nvim_exec2() called at /Users/hanifmuhammad/.config/nvim/init.lua:0"
finished sourcing nvim_exec2() called at /Users/hanifmuhammad/.config/nvim/init.lua:0
continuing in /Users/hanifmuhammad/.config/nvim/init.lua
line 0: sourcing "nvim_exec2() called at /Users/hanifmuhammad/.config/nvim/init.lua:0"
finished sourcing nvim_exec2() called at /Users/hanifmuhammad/.config/nvim/init.lua:0
continuing in /Users/hanifmuhammad/.config/nvim/init.lua
not found in runtime path: "package.jsonc"
line 0: sourcing "nvim_exec2() called at /Users/hanifmuhammad/.config/nvim/init.lua:0"
line 1: sourcing "/Users/hanifmuhammad/nvim-macos-arm64/share/nvim/runtime/plugin/editorconfig.lua"
finished sourcing /Users/hanifmuhammad/nvim-macos-arm64/share/nvim/runtime/plugin/editorconfig.lua
continuing in nvim_exec2() called at /Users/hanifmuhammad/.config/nvim/init.lua:0
finished sourcing nvim_exec2() called at /Users/hanifmuhammad/.config/nvim/init.lua:0
continuing in /Users/hanifmuhammad/.config/nvim/init.lua
line 0: sourcing "nvim_exec2() called at /Users/hanifmuhammad/.config/nvim/init.lua:0"
line 1: sourcing "/Users/hanifmuhammad/nvim-macos-arm64/share/nvim/runtime/plugin/gzip.vim"
finished sourcing /Users/hanifmuhammad/nvim-macos-arm64/share/nvim/runtime/plugin/gzip.vim
continuing in nvim_exec2() called at /Users/hanifmuhammad/.config/nvim/init.lua:0
finished sourcing nvim_exec2() called at /Users/hanifmuhammad/.config/nvim/init.lua:0
continuing in /Users/hanifmuhammad/.config/nvim/init.lua
line 0: sourcing "nvim_exec2() called at /Users/hanifmuhammad/.config/nvim/init.lua:0"
line 1: sourcing "/Users/hanifmuhammad/nvim-macos-arm64/share/nvim/runtime/plugin/man.lua"
finished sourcing /Users/hanifmuhammad/nvim-macos-arm64/share/nvim/runtime/plugin/man.lua
continuing in nvim_exec2() called at /Users/hanifmuhammad/.config/nvim/init.lua:0
finished sourcing nvim_exec2() called at /Users/hanifmuhammad/.config/nvim/init.lua:0
continuing in /Users/hanifmuhammad/.config/nvim/init.lua
line 0: sourcing "nvim_exec2() called at /Users/hanifmuhammad/.config/nvim/init.lua:0"
line 1: sourcing "/Users/hanifmuhammad/nvim-macos-arm64/share/nvim/runtime/plugin/matchit.vim"
not found in 'packpath': "pack/*/start/matchit"
line 3: sourcing "/Users/hanifmuhammad/nvim-macos-arm64/share/nvim/runtime/pack/dist/opt/matchit/plugin/matchit.vim"
finished sourcing /Users/hanifmuhammad/nvim-macos-arm64/share/nvim/runtime/pack/dist/opt/matchit/plugin/matchit.vim
continuing in /Users/hanifmuhammad/nvim-macos-arm64/share/nvim/runtime/plugin/matchit.vim
finished sourcing /Users/hanifmuhammad/nvim-macos-arm64/share/nvim/runtime/plugin/matchit.vim
continuing in nvim_exec2() called at /Users/hanifmuhammad/.config/nvim/init.lua:0
finished sourcing nvim_exec2() called at /Users/hanifmuhammad/.config/nvim/init.lua:0
continuing in /Users/hanifmuhammad/.config/nvim/init.lua
line 0: sourcing "nvim_exec2() called at /Users/hanifmuhammad/.config/nvim/init.lua:0"
line 1: sourcing "/Users/hanifmuhammad/nvim-macos-arm64/share/nvim/runtime/plugin/matchparen.vim"
finished sourcing /Users/hanifmuhammad/nvim-macos-arm64/share/nvim/runtime/plugin/matchparen.vim
continuing in nvim_exec2() called at /Users/hanifmuhammad/.config/nvim/init.lua:0
finished sourcing nvim_exec2() called at /Users/hanifmuhammad/.config/nvim/init.lua:0
continuing in /Users/hanifmuhammad/.config/nvim/init.lua
line 0: sourcing "nvim_exec2() called at /Users/hanifmuhammad/.config/nvim/init.lua:0"
line 1: sourcing "/Users/hanifmuhammad/nvim-macos-arm64/share/nvim/runtime/plugin/netrwPlugin.vim"
finished sourcing /Users/hanifmuhammad/nvim-macos-arm64/share/nvim/runtime/plugin/netrwPlugin.vim
continuing in nvim_exec2() called at /Users/hanifmuhammad/.config/nvim/init.lua:0
finished sourcing nvim_exec2() called at /Users/hanifmuhammad/.config/nvim/init.lua:0
continuing in /Users/hanifmuhammad/.config/nvim/init.lua
line 0: sourcing "nvim_exec2() called at /Users/hanifmuhammad/.config/nvim/init.lua:0"
line 1: sourcing "/Users/hanifmuhammad/nvim-macos-arm64/share/nvim/runtime/plugin/osc52.lua"
finished sourcing /Users/hanifmuhammad/nvim-macos-arm64/share/nvim/runtime/plugin/osc52.lua
continuing in nvim_exec2() called at /Users/hanifmuhammad/.config/nvim/init.lua:0
finished sourcing nvim_exec2() called at /Users/hanifmuhammad/.config/nvim/init.lua:0
continuing in /Users/hanifmuhammad/.config/nvim/init.lua
line 0: sourcing "nvim_exec2() called at /Users/hanifmuhammad/.config/nvim/init.lua:0"
line 1: sourcing "/Users/hanifmuhammad/nvim-macos-arm64/share/nvim/runtime/plugin/rplugin.vim"
finished sourcing /Users/hanifmuhammad/nvim-macos-arm64/share/nvim/runtime/plugin/rplugin.vim
continuing in nvim_exec2() called at /Users/hanifmuhammad/.config/nvim/init.lua:0
finished sourcing nvim_exec2() called at /Users/hanifmuhammad/.config/nvim/init.lua:0
continuing in /Users/hanifmuhammad/.config/nvim/init.lua
line 0: sourcing "nvim_exec2() called at /Users/hanifmuhammad/.config/nvim/init.lua:0"
line 1: sourcing "/Users/hanifmuhammad/nvim-macos-arm64/share/nvim/runtime/plugin/shada.vim"
finished sourcing /Users/hanifmuhammad/nvim-macos-arm64/share/nvim/runtime/plugin/shada.vim
continuing in nvim_exec2() called at /Users/hanifmuhammad/.config/nvim/init.lua:0
finished sourcing nvim_exec2() called at /Users/hanifmuhammad/.config/nvim/init.lua:0
continuing in /Users/hanifmuhammad/.config/nvim/init.lua
line 0: sourcing "nvim_exec2() called at /Users/hanifmuhammad/.config/nvim/init.lua:0"
line 1: sourcing "/Users/hanifmuhammad/nvim-macos-arm64/share/nvim/runtime/plugin/spellfile.vim"
finished sourcing /Users/hanifmuhammad/nvim-macos-arm64/share/nvim/runtime/plugin/spellfile.vim
continuing in nvim_exec2() called at /Users/hanifmuhammad/.config/nvim/init.lua:0
finished sourcing nvim_exec2() called at /Users/hanifmuhammad/.config/nvim/init.lua:0
continuing in /Users/hanifmuhammad/.config/nvim/init.lua
line 0: sourcing "nvim_exec2() called at /Users/hanifmuhammad/.config/nvim/init.lua:0"
line 1: sourcing "/Users/hanifmuhammad/nvim-macos-arm64/share/nvim/runtime/plugin/tarPlugin.vim"
finished sourcing /Users/hanifmuhammad/nvim-macos-arm64/share/nvim/runtime/plugin/tarPlugin.vim
continuing in nvim_exec2() called at /Users/hanifmuhammad/.config/nvim/init.lua:0
finished sourcing nvim_exec2() called at /Users/hanifmuhammad/.config/nvim/init.lua:0
continuing in /Users/hanifmuhammad/.config/nvim/init.lua
line 0: sourcing "nvim_exec2() called at /Users/hanifmuhammad/.config/nvim/init.lua:0"
line 1: sourcing "/Users/hanifmuhammad/nvim-macos-arm64/share/nvim/runtime/plugin/tohtml.lua"
finished sourcing /Users/hanifmuhammad/nvim-macos-arm64/share/nvim/runtime/plugin/tohtml.lua
continuing in nvim_exec2() called at /Users/hanifmuhammad/.config/nvim/init.lua:0
finished sourcing nvim_exec2() called at /Users/hanifmuhammad/.config/nvim/init.lua:0
continuing in /Users/hanifmuhammad/.config/nvim/init.lua
line 0: sourcing "nvim_exec2() called at /Users/hanifmuhammad/.config/nvim/init.lua:0"
line 1: sourcing "/Users/hanifmuhammad/nvim-macos-arm64/share/nvim/runtime/plugin/tutor.vim"
finished sourcing /Users/hanifmuhammad/nvim-macos-arm64/share/nvim/runtime/plugin/tutor.vim
continuing in nvim_exec2() called at /Users/hanifmuhammad/.config/nvim/init.lua:0
finished sourcing nvim_exec2() called at /Users/hanifmuhammad/.config/nvim/init.lua:0
continuing in /Users/hanifmuhammad/.config/nvim/init.lua
line 0: sourcing "nvim_exec2() called at /Users/hanifmuhammad/.config/nvim/init.lua:0"
line 1: sourcing "/Users/hanifmuhammad/nvim-macos-arm64/share/nvim/runtime/plugin/zipPlugin.vim"
finished sourcing /Users/hanifmuhammad/nvim-macos-arm64/share/nvim/runtime/plugin/zipPlugin.vim
continuing in nvim_exec2() called at /Users/hanifmuhammad/.config/nvim/init.lua:0
finished sourcing nvim_exec2() called at /Users/hanifmuhammad/.config/nvim/init.lua:0
continuing in /Users/hanifmuhammad/.config/nvim/init.lua
line 0: sourcing "nvim_exec2() called at /Users/hanifmuhammad/.config/nvim/init.lua:0"
line 1: sourcing "/Users/hanifmuhammad/.local/share/nvim/lazy/cmp_luasnip/after/plugin/cmp_luasnip.lua"
finished sourcing /Users/hanifmuhammad/.local/share/nvim/lazy/cmp_luasnip/after/plugin/cmp_luasnip.lua
continuing in nvim_exec2() called at /Users/hanifmuhammad/.config/nvim/init.lua:0
finished sourcing nvim_exec2() called at /Users/hanifmuhammad/.config/nvim/init.lua:0
continuing in /Users/hanifmuhammad/.config/nvim/init.lua
line 0: sourcing "nvim_exec2() called at /Users/hanifmuhammad/.config/nvim/init.lua:0"
line 1: sourcing "/Users/hanifmuhammad/.local/share/nvim/lazy/cmp-cmdline/after/plugin/cmp_cmdline.lua"
finished sourcing /Users/hanifmuhammad/.local/share/nvim/lazy/cmp-cmdline/after/plugin/cmp_cmdline.lua
continuing in nvim_exec2() called at /Users/hanifmuhammad/.config/nvim/init.lua:0
finished sourcing nvim_exec2() called at /Users/hanifmuhammad/.config/nvim/init.lua:0
continuing in /Users/hanifmuhammad/.config/nvim/init.lua
line 0: sourcing "nvim_exec2() called at /Users/hanifmuhammad/.config/nvim/init.lua:0"
line 1: sourcing "/Users/hanifmuhammad/.local/share/nvim/lazy/cmp-path/after/plugin/cmp_path.lua"
finished sourcing /Users/hanifmuhammad/.local/share/nvim/lazy/cmp-path/after/plugin/cmp_path.lua
continuing in nvim_exec2() called at /Users/hanifmuhammad/.config/nvim/init.lua:0
finished sourcing nvim_exec2() called at /Users/hanifmuhammad/.config/nvim/init.lua:0
continuing in /Users/hanifmuhammad/.config/nvim/init.lua
line 0: sourcing "nvim_exec2() called at /Users/hanifmuhammad/.config/nvim/init.lua:0"
line 1: sourcing "/Users/hanifmuhammad/.local/share/nvim/lazy/cmp-buffer/after/plugin/cmp_buffer.lua"
finished sourcing /Users/hanifmuhammad/.local/share/nvim/lazy/cmp-buffer/after/plugin/cmp_buffer.lua
continuing in nvim_exec2() called at /Users/hanifmuhammad/.config/nvim/init.lua:0
finished sourcing nvim_exec2() called at /Users/hanifmuhammad/.config/nvim/init.lua:0
continuing in /Users/hanifmuhammad/.config/nvim/init.lua
line 0: sourcing "nvim_exec2() called at /Users/hanifmuhammad/.config/nvim/init.lua:0"
line 1: sourcing "/Users/hanifmuhammad/.local/share/nvim/lazy/cmp-nvim-lsp/after/plugin/cmp_nvim_lsp.lua"
finished sourcing /Users/hanifmuhammad/.local/share/nvim/lazy/cmp-nvim-lsp/after/plugin/cmp_nvim_lsp.lua
continuing in nvim_exec2() called at /Users/hanifmuhammad/.config/nvim/init.lua:0
finished sourcing nvim_exec2() called at /Users/hanifmuhammad/.config/nvim/init.lua:0
continuing in /Users/hanifmuhammad/.config/nvim/init.lua
finished sourcing /Users/hanifmuhammad/.config/nvim/init.lua
sourcing "/Users/hanifmuhammad/nvim-macos-arm64/share/nvim/runtime/filetype.lua"
finished sourcing /Users/hanifmuhammad/nvim-macos-arm64/share/nvim/runtime/filetype.lua
sourcing "/Users/hanifmuhammad/nvim-macos-arm64/share/nvim/runtime/syntax/syntax.vim"
line 20: sourcing "/Users/hanifmuhammad/nvim-macos-arm64/share/nvim/runtime/syntax/synload.vim"
finished sourcing /Users/hanifmuhammad/nvim-macos-arm64/share/nvim/runtime/syntax/synload.vim
continuing in /Users/hanifmuhammad/nvim-macos-arm64/share/nvim/runtime/syntax/syntax.vim
finished sourcing /Users/hanifmuhammad/nvim-macos-arm64/share/nvim/runtime/syntax/syntax.vim
Reading ShaDa file "/Users/hanifmuhammad/.local/state/nvim/shada/main.shada" info marks oldfiles
sourcing "nvim_exec2()"
finished sourcing nvim_exec2()
sourcing "nvim_exec2()"
finished sourcing nvim_exec2()
line 0: sourcing "nvim_exec2() called at User Autocommands for "VeryLazy":0"
finished sourcing nvim_exec2() called at User Autocommands for "VeryLazy":0
continuing in User Autocommands for "VeryLazy"
line 0: sourcing "nvim_exec2() called at User Autocommands for "VeryLazy":0"
finished sourcing nvim_exec2() called at User Autocommands for "VeryLazy":0
continuing in User Autocommands for "VeryLazy"


--- Terminal info --- {{{
&term: tmux-256color
Description: tmux with 256 colors
Aliases: tmux-256color
Boolean capabilities:
  auto_left_margin          bw         = false
  auto_right_margin         am         = true
  no_esc_ctlc               xsb        = false
  ceol_standout_glitch      xhp        = false
  eat_newline_glitch        xenl       = true
  erase_overstrike          eo         = false
  generic_type              gn         = false
  hard_copy                 hc         = false
  has_meta_key              km         = true
  has_status_line           hs         = true
  insert_null_glitch        in         = false
  memory_above              da         = false
  memory_below              db         = false
  move_insert_mode          mir        = true
  move_standout_mode        msgr       = true
  over_strike               os         = false
  status_line_esc_ok        eslok      = false
  dest_tabs_magic_smso      xt         = false
  tilde_glitch              hz         = false
  transparent_underline     ul         = false
  xon_xoff                  xon        = false
  needs_xon_xoff            nxon       = false
  prtr_silent               mc5i       = false
  hard_cursor               chts       = false
  non_rev_rmcup             nrrmc      = false
  no_pad_char               npc        = false
  non_dest_scroll_region    ndscr      = false
  can_change                ccc        = false
  back_color_erase          bce        = false
  hue_lightness_saturation  hls        = false
  col_addr_glitch           xhpa       = false
  cr_cancels_micro_mode     crxm       = false
  has_print_wheel           daisy      = false
  row_addr_glitch           xvpa       = false
  semi_auto_right_margin    sam        = false
  cpi_changes_res           cpix       = false
  lpi_changes_res           lpix       = false
  backspaces_with_bs        OTbs       = true
  crt_no_scrolling          OTns       = false
  no_correctly_working_cr   OTnc       = false
  gnu_has_meta_key          OTMT       = false
  linefeed_is_newline       OTNL       = false
  has_hardware_tabs         OTpt       = true
  return_does_clr_eol       OTxr       = false
Numeric capabilities:
  columns                   cols       = 80
  init_tabs                 it         = 8
  lines                     lines      = 24
  lines_of_memory           lm         = -1
  magic_cookie_glitch       xmc        = -1
  padding_baud_rate         pb         = -1
  virtual_terminal          vt         = -1
  width_status_line         wsl        = -1
  num_labels                nlab       = -1
  label_height              lh         = -1
  label_width               lw         = -1
  max_attributes            ma         = -1
  maximum_windows           wnum       = -1
  max_colors                colors     = 256
  max_pairs                 pairs      = 32767
  no_color_video            ncv        = -1
  buffer_capacity           bufsz      = -1
  dot_vert_spacing          spinv      = -1
  dot_horz_spacing          spinh      = -1
  max_micro_address         maddr      = -1
  max_micro_jump            mjump      = -1
  micro_col_size            mcs        = -1
  micro_line_size           mls        = -1
  number_of_pins            npins      = -1
  output_res_char           orc        = -1
  output_res_line           orl        = -1
  output_res_horz_inch      orhi       = -1
  output_res_vert_inch      orvi       = -1
  print_rate                cps        = -1
  wide_char_size            widcs      = -1
  buttons                   btns       = -1
  bit_image_entwining       bitwin     = -1
  bit_image_type            bitype     = -1
  magic_cookie_glitch_ul    OTug       = -1
  carriage_return_delay     OTdC       = -1
  new_line_delay            OTdN       = -1
  backspace_delay           OTdB       = -1
  horizontal_tab_delay      OTdT       = -1
  number_of_function_keys   OTkn       = -1
String capabilities:
  back_tab                  cbt        = ^[[Z
  bell                      bel        = ^G
  carriage_return           cr         = ^M
  change_scroll_region      csr        = ^[[%i%p1%d;%p2%dr
  clear_all_tabs            tbc        = ^[[3g
  clear_screen              clear      = ^[[H^[[J
  clr_eol                   el         = ^[[K
  clr_eos                   ed         = ^[[J
  cursor_address            cup        = ^[[%i%p1%d;%p2%dH
  cursor_down               cud1       = ^@
  cursor_home               home       = ^[[H
  cursor_invisible          civis      = ^[[?25l
  cursor_left               cub1       = ^H
  cursor_normal             cnorm      = ^[[34h^[[?25h
  cursor_right              cuf1       = ^[[C
  cursor_up                 cuu1       = ^[M
  cursor_visible            cvvis      = ^[[34l
  delete_character          dch1       = ^[[P
  delete_line               dl1        = ^[[M
  dis_status_line           dsl        = ^[]0;^G
  enter_alt_charset_mode    smacs      = ^N
  enter_blink_mode          blink      = ^[[5m
  enter_bold_mode           bold       = ^[[1m
  enter_ca_mode             smcup      = ^[[?1049h
  enter_dim_mode            dim        = ^[[2m
  enter_insert_mode         smir       = ^[[4h
  enter_reverse_mode        rev        = ^[[7m
  enter_standout_mode       smso       = ^[[7m
  enter_underline_mode      smul       = ^[[4m
  exit_alt_charset_mode     rmacs      = ^O
  exit_attribute_mode       sgr0       = ^[[m^O
  exit_ca_mode              rmcup      = ^[[?1049l
  exit_insert_mode          rmir       = ^[[4l
  exit_standout_mode        rmso       = ^[[27m
  exit_underline_mode       rmul       = ^[[24m
  flash_screen              flash      = ^[g
  from_status_line          fsl        = ^G
  init_2string              is2        = ^[)0
  insert_line               il1        = ^[[L
  key_backspace             kbs        = ^H
  key_dc                    kdch1      = ^[[3~
  key_down                  kcud1      = ^[OB
  key_f1                    kf1        = ^[OP
  key_f10                   kf10       = ^[[21~
  key_f2                    kf2        = ^[OQ
  key_f3                    kf3        = ^[OR
  key_f4                    kf4        = ^[OS
  key_f5                    kf5        = ^[[15~
  key_f6                    kf6        = ^[[17~
  key_f7                    kf7        = ^[[18~
  key_f8                    kf8        = ^[[19~
  key_f9                    kf9        = ^[[20~
  key_home                  khome      = ^[[1~
  key_ic                    kich1      = ^[[2~
  key_left                  kcub1      = ^[OD
  key_npage                 knp        = ^[[6~
  key_ppage                 kpp        = ^[[5~
  key_right                 kcuf1      = ^[OC
  key_up                    kcuu1      = ^[OA
  keypad_local              rmkx       = ^[[?1l^[>
  keypad_xmit               smkx       = ^[[?1h^[=
  newline                   nel        = ^[E
  parm_dch                  dch        = ^[[%p1%dP
  parm_delete_line          dl         = ^[[%p1%dM
  parm_down_cursor          cud        = ^[[%p1%dB
  parm_ich                  ich        = ^[[%p1%d@
  parm_insert_line          il         = ^[[%p1%dL
  parm_left_cursor          cub        = ^[[%p1%dD
  parm_right_cursor         cuf        = ^[[%p1%dC
  parm_up_cursor            cuu        = ^[[%p1%dA
  reset_2string             rs2        = ^[c^[[?1000l^[[?25h
  restore_cursor            rc         = ^[8
  save_cursor               sc         = ^[7
  scroll_forward            ind        = ^@
  scroll_reverse            ri         = ^[M
  set_attributes            sgr        = ^[[0%?%p6%t;1%;%?%p1%t;3%;%?%p2%t;4%;%?%p3%t;7%;%?%p4%t;5%;%?%p5%t;2%;m%?%p9%t^N%e^O%;
  set_tab                   hts        = ^[H
  tab                       ht         = 	
  to_status_line            tsl        = ^[]0;
  acs_chars                 acsc       = ++,,--..00``aaffgghhiijjkkllmmnnooppqqrrssttuuvvwwxxyyzz{{||}}~~
  key_btab                  kcbt       = ^[[Z
  ena_acs                   enacs      = ^[(B^[)0
  key_end                   kend       = ^[[4~
  key_f11                   kf11       = ^[[23~
  key_f12                   kf12       = ^[[24~
  clr_bol                   el1        = ^[[1K
  orig_pair                 op         = ^[[39;49m
  enter_italics_mode        sitm       = ^[[3m
  exit_italics_mode         ritm       = ^[[23m
  key_mouse                 kmous      = ^[[M
  set_a_foreground          setaf      = ^[[%?%p1%{8}%<%t3%p1%d%e%p1%{16}%<%t9%p1%{8}%-%d%e38;5;%p1%d%;m
  set_a_background          setab      = ^[[%?%p1%{8}%<%t4%p1%d%e%p1%{16}%<%t10%p1%{8}%-%d%e48;5;%p1%d%;m
Extended boolean capabilities:
  AX                        = true
  G0                        = true
  XT                        = false
Extended numeric capabilities:
  U8                        = 1
Extended string capabilities:
  Cr                        = ^[]112^G
  Cs                        = ^[]12;%p1%s^G
  E0                        = ^[(B
  Ms                        = 
  S0                        = ^[(%p1%c
  Se                        = ^[[2 q
  Ss                        = ^[[%p1%d q
  TS                        = ^[]0;
  kDC3                      = 
  kDC4                      = 
  kDC5                      = 
  kDC6                      = 
  kDC7                      = 
  kDN                       = 
  kDN3                      = 
  kDN4                      = 
  kDN5                      = 
  kDN6                      = 
  kDN7                      = 
  kEND5                     = 
  kHOM5                     = 
  kLFT3                     = 
  kLFT4                     = 
  kLFT5                     = 
  kLFT6                     = 
  kLFT7                     = 
  kRIT3                     = 
  kRIT4                     = 
  kRIT5                     = 
  kRIT6                     = 
  kRIT7                     = 
  kUP                       = 
  ka2                       = 
  kb1                       = 
  kb3                       = 
  kc2                       = 
  ext.enter_altfont_mode    = ^[[11m
  setrgbf                   = ^[[38;2;%p1%d;%p2%d;%p3%dm
  setrgbb                   = ^[[48;2;%p1%d;%p2%d;%p3%dm
  ext.save_title            = ^[[22;0t
  ext.restore_title         = ^[[23;0t
  ext.set_title             = ^[]0;%p2%s^G
  ext.enable_lr_margin      = ^[[?69h
  ext.disable_lr_margin     = ^[[?69l
  ext.enable_bpaste         = ^[[?2004h
  ext.disable_bpaste        = ^[[?2004l
  ext.enable_focus          = ^[[?1004h
  ext.disable_focus         = ^[[?1004l
  ext.enable_mouse          = ^[[?1002h^[[?1006h
  ext.disable_mouse         = ^[[?1002l^[[?1006l
  ext.enable_mouse_move     = ^[[?1003h
  ext.disable_mouse_move    = ^[[?1003l
}}}

sourcing "nvim_exec2()"
finished sourcing nvim_exec2()
sourcing "nvim_exec2()"
finished sourcing nvim_exec2()
sourcing "nvim_exec2()"
finished sourcing nvim_exec2()
sourcing "nvim_exec2()"
finished sourcing nvim_exec2()
sourcing "nvim_exec2()"
finished sourcing nvim_exec2()
sourcing "nvim_exec2()"
finished sourcing nvim_exec2()
sourcing "nvim_exec2()"
finished sourcing nvim_exec2()
sourcing "nvim_exec2()"
finished sourcing nvim_exec2()
sourcing "nvim_exec2()"
finished sourcing nvim_exec2()
line 20: sourcing "/Users/hanifmuhammad/.local/share/nvim/lazy/telescope.nvim/ftplugin/TelescopePrompt.lua"
finished sourcing /Users/hanifmuhammad/.local/share/nvim/lazy/telescope.nvim/ftplugin/TelescopePrompt.lua
continuing in <SNR>2_LoadFTPlugin
not found in runtime path: "indent/TelescopePrompt[.]{vim,lua}"
not found in runtime path: "parser/TelescopePrompt.*"
line 20: sourcing "/Users/hanifmuhammad/.local/share/nvim/lazy/telescope.nvim/ftplugin/TelescopeResults.lua"
finished sourcing /Users/hanifmuhammad/.local/share/nvim/lazy/telescope.nvim/ftplugin/TelescopeResults.lua
continuing in <SNR>2_LoadFTPlugin
not found in runtime path: "indent/TelescopeResults[.]{vim,lua}"
not found in runtime path: "parser/TelescopeResults.*"
-- INSERT ---- INSERT --
sourcing "nvim_exec2()"
finished sourcing nvim_exec2()-- INSERT ---- INSERT --
sourcing "nvim_exec2()"
finished sourcing nvim_exec2()-- INSERT --
not found in runtime path: "parser/comment.*"-- INSERT ---- INSERT ---- INSERT ---- INSERT ---- INSERT --
sourcing "nvim_exec2()"
line 0: sourcing "nvim_exec2() called at BufReadPre Autocommands for "*":0"
line 1: sourcing "/Users/hanifmuhammad/.local/share/nvim/lazy/nvim-ts-context-commentstring/plugin/ts_context_commentstring.lua"
finished sourcing /Users/hanifmuhammad/.local/share/nvim/lazy/nvim-ts-context-commentstring/plugin/ts_context_commentstring.lua
continuing in nvim_exec2() called at BufReadPre Autocommands for "*":0
finished sourcing nvim_exec2() called at BufReadPre Autocommands for "*":0
continuing in BufReadPre Autocommands for "*"
line 0: sourcing "nvim_exec2() called at BufReadPre Autocommands for "*":0"
finished sourcing nvim_exec2() called at BufReadPre Autocommands for "*":0
continuing in BufReadPre Autocommands for "*"
line 0: sourcing "nvim_exec2() called at BufReadPre Autocommands for "*":0"
finished sourcing nvim_exec2() called at BufReadPre Autocommands for "*":0
continuing in BufReadPre Autocommands for "*"
line 0: sourcing "nvim_exec2() called at BufReadPre Autocommands for "*":0"
line 1: sourcing "/Users/hanifmuhammad/.local/share/nvim/lazy/Comment.nvim/plugin/Comment.lua"
finished sourcing /Users/hanifmuhammad/.local/share/nvim/lazy/Comment.nvim/plugin/Comment.lua
continuing in nvim_exec2() called at BufReadPre Autocommands for "*":0
finished sourcing nvim_exec2() called at BufReadPre Autocommands for "*":0
continuing in BufReadPre Autocommands for "*"
line 0: sourcing "nvim_exec2() called at BufReadPre Autocommands for "*":0"
finished sourcing nvim_exec2() called at BufReadPre Autocommands for "*":0
continuing in BufReadPre Autocommands for "*"
line 0: sourcing "nvim_exec2() called at BufReadPre Autocommands for "*":0"
finished sourcing nvim_exec2() called at BufReadPre Autocommands for "*":0
continuing in BufReadPre Autocommands for "*"
line 0: sourcing "nvim_exec2() called at BufReadPre Autocommands for "*":0"
line 1: sourcing "/Users/hanifmuhammad/.local/share/nvim/lazy/conform.nvim/plugin/conform.lua"
finished sourcing /Users/hanifmuhammad/.local/share/nvim/lazy/conform.nvim/plugin/conform.lua
continuing in nvim_exec2() called at BufReadPre Autocommands for "*":0
finished sourcing nvim_exec2() called at BufReadPre Autocommands for "*":0
continuing in BufReadPre Autocommands for "*"
line 0: sourcing "nvim_exec2() called at BufReadPre Autocommands for "*":0"
finished sourcing nvim_exec2() called at BufReadPre Autocommands for "*":0
continuing in BufReadPre Autocommands for "*"
line 0: sourcing "nvim_exec2() called at BufReadPre Autocommands for "*":0"
finished sourcing nvim_exec2() called at BufReadPre Autocommands for "*":0
continuing in BufReadPre Autocommands for "*"
line 0: sourcing "nvim_exec2() called at BufReadPre Autocommands for "*":0"
finished sourcing nvim_exec2() called at BufReadPre Autocommands for "*":0
continuing in BufReadPre Autocommands for "*"
line 0: sourcing "nvim_exec2() called at BufReadPre Autocommands for "*":0"
finished sourcing nvim_exec2() called at BufReadPre Autocommands for "*":0
continuing in BufReadPre Autocommands for "*"
line 0: sourcing "nvim_exec2() called at BufReadPre Autocommands for "*":0"
line 1: sourcing "/Users/hanifmuhammad/.local/share/nvim/lazy/nvim-ts-autotag/plugin/nvim-ts-autotag.lua"
finished sourcing /Users/hanifmuhammad/.local/share/nvim/lazy/nvim-ts-autotag/plugin/nvim-ts-autotag.lua
continuing in nvim_exec2() called at BufReadPre Autocommands for "*":0
finished sourcing nvim_exec2() called at BufReadPre Autocommands for "*":0
continuing in BufReadPre Autocommands for "*"
line 0: sourcing "nvim_exec2() called at BufReadPre Autocommands for "*":0"
finished sourcing nvim_exec2() called at BufReadPre Autocommands for "*":0
continuing in BufReadPre Autocommands for "*"
line 0: sourcing "nvim_exec2() called at BufReadPre Autocommands for "*":0"
finished sourcing nvim_exec2() called at BufReadPre Autocommands for "*":0
continuing in BufReadPre Autocommands for "*"
line 0: sourcing "nvim_exec2() called at BufReadPre Autocommands for "*":0"
finished sourcing nvim_exec2() called at BufReadPre Autocommands for "*":0
continuing in BufReadPre Autocommands for "*"
line 0: sourcing "nvim_exec2() called at BufReadPre Autocommands for "*":0"
finished sourcing nvim_exec2() called at BufReadPre Autocommands for "*":0
continuing in BufReadPre Autocommands for "*"
Reading ShaDa file "/Users/hanifmuhammad/.local/state/nvim/shada/main.shada" marks
Reading undo file: /Users/hanifmuhammad/.vim/undodir/%Users%hanifmuhammad%.config%nvim%lua%hanipcode%plugins%minuet.lua
line 20: sourcing "/Users/hanifmuhammad/nvim-macos-arm64/share/nvim/runtime/ftplugin/lua.vim"
finished sourcing /Users/hanifmuhammad/nvim-macos-arm64/share/nvim/runtime/ftplugin/lua.vim
continuing in <SNR>2_LoadFTPlugin
line 20: sourcing "/Users/hanifmuhammad/nvim-macos-arm64/share/nvim/runtime/ftplugin/lua.lua"
finished sourcing /Users/hanifmuhammad/nvim-macos-arm64/share/nvim/runtime/ftplugin/lua.lua
continuing in <SNR>2_LoadFTPlugin
line 15: sourcing "/Users/hanifmuhammad/nvim-macos-arm64/share/nvim/runtime/indent/lua.vim"
finished sourcing /Users/hanifmuhammad/nvim-macos-arm64/share/nvim/runtime/indent/lua.vim
continuing in <SNR>3_LoadIndent
line 20: sourcing "/Users/hanifmuhammad/nvim-macos-arm64/share/nvim/runtime/ftplugin/lua.vim"
finished sourcing /Users/hanifmuhammad/nvim-macos-arm64/share/nvim/runtime/ftplugin/lua.vim
continuing in <SNR>2_LoadFTPlugin
line 20: sourcing "/Users/hanifmuhammad/nvim-macos-arm64/share/nvim/runtime/ftplugin/lua.lua"
finished sourcing /Users/hanifmuhammad/nvim-macos-arm64/share/nvim/runtime/ftplugin/lua.lua
continuing in <SNR>2_LoadFTPlugin
line 15: sourcing "/Users/hanifmuhammad/nvim-macos-arm64/share/nvim/runtime/indent/lua.vim"
finished sourcing /Users/hanifmuhammad/nvim-macos-arm64/share/nvim/runtime/indent/lua.vim
continuing in <SNR>3_LoadIndent
not found in runtime path: "parser/comment.*"
line 0: sourcing "/Users/hanifmuhammad/.local/share/nvim/lazy/undotree/autoload/undotree.vim"
finished sourcing /Users/hanifmuhammad/.local/share/nvim/lazy/undotree/autoload/undotree.vim
continuing in BufReadPost Autocommands for "*"
finished sourcing nvim_exec2()

sourcing "nvim_exec2()"
finished sourcing nvim_exec2()
sourcing "nvim_exec2()"
finished sourcing nvim_exec2()
sourcing "nvim_exec2()"
finished sourcing nvim_exec2()
sourcing "nvim_exec2()"
finished sourcing nvim_exec2()
sourcing "nvim_exec2()"
finished sourcing nvim_exec2()
sourcing "nvim_exec2()"
finished sourcing nvim_exec2()
sourcing "nvim_exec2()"
finished sourcing nvim_exec2()
client.notify is deprecated. Run ":checkhealth vim.deprecated" for more information
not found in runtime path: "ftplugin/fidget[.]{vim,lua} ftplugin/fidget_*.{vim,lua} ftplugin/fidget/*.{vim,lua}"
not found in runtime path: "indent/fidget[.]{vim,lua}"
not found in runtime path: "parser/fidget.*"
not found in runtime path: "parser/fidget.*"
sourcing "nvim_exec2()"
finished sourcing nvim_exec2()
sourcing "nvim_exec2()"
finished sourcing nvim_exec2()
sourcing "nvim_exec2()"
finished sourcing nvim_exec2()
sourcing "nvim_exec2()"
finished sourcing nvim_exec2()
sourcing "nvim_exec2()"
finished sourcing nvim_exec2()
sourcing "nvim_exec2()"
finished sourcing nvim_exec2()
sourcing "nvim_exec2()"
finished sourcing nvim_exec2()
sourcing "nvim_exec2()"
finished sourcing nvim_exec2()
sourcing "nvim_exec2()"
finished sourcing nvim_exec2()
sourcing "nvim_exec2()"
finished sourcing nvim_exec2()
sourcing "nvim_exec2()"
finished sourcing nvim_exec2()
sourcing "nvim_exec2()"
finished sourcing nvim_exec2()
sourcing "nvim_exec2()"
finished sourcing nvim_exec2()
sourcing "nvim_exec2()"
finished sourcing nvim_exec2()
sourcing "nvim_exec2()"
finished sourcing nvim_exec2()
sourcing "nvim_exec2()"
finished sourcing nvim_exec2()
sourcing "nvim_exec2()"
finished sourcing nvim_exec2()
sourcing "nvim_exec2()"
finished sourcing nvim_exec2()
sourcing "nvim_exec2()"
finished sourcing nvim_exec2()
sourcing "nvim_exec2()"
finished sourcing nvim_exec2()
sourcing "nvim_exec2()"
finished sourcing nvim_exec2()
sourcing "nvim_exec2()"
finished sourcing nvim_exec2()
sourcing "nvim_exec2()"
finished sourcing nvim_exec2()
sourcing "nvim_exec2()"
finished sourcing nvim_exec2()
sourcing "nvim_exec2()"
finished sourcing nvim_exec2()
sourcing "nvim_exec2()"
finished sourcing nvim_exec2()
sourcing "nvim_exec2()"
finished sourcing nvim_exec2()
sourcing "nvim_exec2()"
finished sourcing nvim_exec2()
sourcing "nvim_exec2()"
finished sourcing nvim_exec2()
sourcing "nvim_exec2()"
finished sourcing nvim_exec2()
sourcing "nvim_exec2()"
finished sourcing nvim_exec2()
sourcing "nvim_exec2()"
finished sourcing nvim_exec2()
sourcing "nvim_exec2()"
finished sourcing nvim_exec2()
sourcing "nvim_exec2()"
finished sourcing nvim_exec2()
sourcing "nvim_exec2()"
finished sourcing nvim_exec2()
sourcing "nvim_exec2()"
finished sourcing nvim_exec2()
sourcing "nvim_exec2()"
finished sourcing nvim_exec2()
sourcing "nvim_exec2()"
finished sourcing nvim_exec2()
sourcing "nvim_exec2()"
finished sourcing nvim_exec2()
sourcing "nvim_exec2()"
finished sourcing nvim_exec2()
sourcing "nvim_exec2()"
finished sourcing nvim_exec2()
sourcing "nvim_exec2()"
finished sourcing nvim_exec2()
sourcing "nvim_exec2()"
finished sourcing nvim_exec2()
sourcing "nvim_exec2()"
finished sourcing nvim_exec2()
sourcing "nvim_exec2()"
finished sourcing nvim_exec2()
sourcing "nvim_exec2()"
finished sourcing nvim_exec2()
sourcing "nvim_exec2()"
finished sourcing nvim_exec2()
sourcing "nvim_exec2()"
finished sourcing nvim_exec2()
sourcing "nvim_exec2()"
finished sourcing nvim_exec2()
sourcing "nvim_exec2()"
finished sourcing nvim_exec2()
sourcing "nvim_exec2()"
finished sourcing nvim_exec2()
sourcing "/Users/hanifmuhammad/.local/share/nvim/lazy/nvim-treesitter/autoload/nvim_treesitter.vim"
finished sourcing /Users/hanifmuhammad/.local/share/nvim/lazy/nvim-treesitter/autoload/nvim_treesitter.vim
-- INSERT --
sourcing "nvim_exec2()"
finished sourcing nvim_exec2()
sourcing "nvim_exec2()"
finished sourcing nvim_exec2()
sourcing "nvim_exec2()"
finished sourcing nvim_exec2()
sourcing "nvim_exec2()"
finished sourcing nvim_exec2()
sourcing "nvim_exec2()"
finished sourcing nvim_exec2()-- INSERT --
sourcing "nvim_exec2()"
finished sourcing nvim_exec2()
sourcing "nvim_exec2()"
finished sourcing nvim_exec2()-- INSERT --
sourcing "nvim_exec2()"
finished sourcing nvim_exec2()
sourcing "nvim_exec2()"
finished sourcing nvim_exec2()-- INSERT --
sourcing "nvim_exec2()"
finished sourcing nvim_exec2()
sourcing "nvim_exec2()"
finished sourcing nvim_exec2()-- INSERT --
sourcing "nvim_exec2()"
finished sourcing nvim_exec2()
sourcing "nvim_exec2()"
finished sourcing nvim_exec2()-- INSERT --
sourcing "nvim_exec2()"
finished sourcing nvim_exec2()
sourcing "nvim_exec2()"
finished sourcing nvim_exec2()-- INSERT --
tak terkalahkan 
tak terkalahkan nil-- INSERT --
sourcing "nvim_exec2()"
finished sourcing nvim_exec2()
sourcing "nvim_exec2()"
finished sourcing nvim_exec2()-- INSERT --
sourcing "nvim_exec2()"
finished sourcing nvim_exec2()
sourcing "nvim_exec2()"
finished sourcing nvim_exec2()-- INSERT --
sourcing "nvim_exec2()"
finished sourcing nvim_exec2()
sourcing "nvim_exec2()"
finished sourcing nvim_exec2()-- INSERT --
sourcing "nvim_exec2()"
finished sourcing nvim_exec2()
sourcing "nvim_exec2()"
finished sourcing nvim_exec2()-- INSERT --
sourcing "nvim_exec2()"
finished sourcing nvim_exec2()
sourcing "nvim_exec2()"
finished sourcing nvim_exec2()-- INSERT --
not found in runtime path: "ftplugin/cmp_menu[.]{vim,lua} ftplugin/cmp_menu_*.{vim,lua} ftplugin/cmp_menu/*.{vim,lua}"
not found in runtime path: "indent/cmp_menu[.]{vim,lua}"
not found in runtime path: "parser/cmp_menu.*"
not found in runtime path: "parser/cmp_menu.*"-- INSERT --
sourcing "nvim_exec2()"
finished sourcing nvim_exec2()
sourcing "nvim_exec2()"
finished sourcing nvim_exec2()-- INSERT --
sourcing "nvim_exec2()"
finished sourcing nvim_exec2()
sourcing "nvim_exec2()"
finished sourcing nvim_exec2()-- INSERT --
tak terkalahkan 
tak terkalahkan nil-- INSERT ---- INSERT --
tak terkalahkan 
tak terkalahkan nil-- INSERT ---- INSERT --
not found in runtime path: "parser/comment.*"-- INSERT --
tak terkalahkan 
tak terkalahkan nil-- INSERT ---- INSERT --
tak terkalahkan 
tak terkalahkan nil-- INSERT ---- INSERT --
not found in runtime path: "parser/comment.*"-- INSERT --
tak terkalahkan 
tak terkalahkan nil-- INSERT ---- INSERT ---- INSERT --









-- INSERT --
not found in runtime path: "ftplugin/cmp_docs[.]{vim,lua} ftplugin/cmp_docs_*.{vim,lua} ftplugin/cmp_docs/*.{vim,lua}"
not found in runtime path: "indent/cmp_docs[.]{vim,lua}"
not found in runtime path: "parser/cmp_docs.*"
not found in runtime path: "parser/cmp_docs.*"
sourcing "nvim_exec2()"
finished sourcing nvim_exec2()
sourcing "nvim_exec2()"
line 1: sourcing "/Users/hanifmuhammad/nvim-macos-arm64/share/nvim/runtime/syntax/lua.vim"
finished sourcing /Users/hanifmuhammad/nvim-macos-arm64/share/nvim/runtime/syntax/lua.vim
continuing in nvim_exec2()
finished sourcing nvim_exec2()
sourcing "nvim_exec2()"
finished sourcing nvim_exec2()
sourcing "nvim_exec2()"
finished sourcing nvim_exec2()
sourcing "nvim_exec2()"
line 1: sourcing "/Users/hanifmuhammad/nvim-macos-arm64/share/nvim/runtime/syntax/lsp_markdown.vim"
line 8: sourcing "/Users/hanifmuhammad/nvim-macos-arm64/share/nvim/runtime/syntax/markdown.vim"
line 21: sourcing "/Users/hanifmuhammad/nvim-macos-arm64/share/nvim/runtime/syntax/html.vim"
line 24: sourcing "/Users/hanifmuhammad/nvim-macos-arm64/share/nvim/runtime/syntax/xml.vim"
line 301: sourcing "/Users/hanifmuhammad/nvim-macos-arm64/share/nvim/runtime/syntax/dtd.vim"
finished sourcing /Users/hanifmuhammad/nvim-macos-arm64/share/nvim/runtime/syntax/dtd.vim
continuing in /Users/hanifmuhammad/nvim-macos-arm64/share/nvim/runtime/syntax/xml.vim
finished sourcing /Users/hanifmuhammad/nvim-macos-arm64/share/nvim/runtime/syntax/xml.vim
continuing in /Users/hanifmuhammad/nvim-macos-arm64/share/nvim/runtime/syntax/html.vim
line 274: sourcing "/Users/hanifmuhammad/nvim-macos-arm64/share/nvim/runtime/syntax/javascript.vim"
finished sourcing /Users/hanifmuhammad/nvim-macos-arm64/share/nvim/runtime/syntax/javascript.vim
continuing in /Users/hanifmuhammad/nvim-macos-arm64/share/nvim/runtime/syntax/html.vim
line 299: sourcing "/Users/hanifmuhammad/nvim-macos-arm64/share/nvim/runtime/syntax/vb.vim"
finished sourcing /Users/hanifmuhammad/nvim-macos-arm64/share/nvim/runtime/syntax/vb.vim
continuing in /Users/hanifmuhammad/nvim-macos-arm64/share/nvim/runtime/syntax/html.vim
line 309: sourcing "/Users/hanifmuhammad/nvim-macos-arm64/share/nvim/runtime/syntax/css.vim"
finished sourcing /Users/hanifmuhammad/nvim-macos-arm64/share/nvim/runtime/syntax/css.vim
continuing in /Users/hanifmuhammad/nvim-macos-arm64/share/nvim/runtime/syntax/html.vim
finished sourcing /Users/hanifmuhammad/nvim-macos-arm64/share/nvim/runtime/syntax/html.vim
continuing in /Users/hanifmuhammad/nvim-macos-arm64/share/nvim/runtime/syntax/markdown.vim
line 142: sourcing "/Users/hanifmuhammad/nvim-macos-arm64/share/nvim/runtime/syntax/yaml.vim"
finished sourcing /Users/hanifmuhammad/nvim-macos-arm64/share/nvim/runtime/syntax/yaml.vim
continuing in /Users/hanifmuhammad/nvim-macos-arm64/share/nvim/runtime/syntax/markdown.vim
finished sourcing /Users/hanifmuhammad/nvim-macos-arm64/share/nvim/runtime/syntax/markdown.vim
continuing in /Users/hanifmuhammad/nvim-macos-arm64/share/nvim/runtime/syntax/lsp_markdown.vim
finished sourcing /Users/hanifmuhammad/nvim-macos-arm64/share/nvim/runtime/syntax/lsp_markdown.vim
continuing in nvim_exec2()
finished sourcing nvim_exec2()
sourcing "nvim_exec2()"
finished sourcing nvim_exec2()-- INSERT --









-- INSERT --
sourcing "nvim_exec2()"
finished sourcing nvim_exec2()
sourcing "nvim_exec2()"
line 1: sourcing "/Users/hanifmuhammad/nvim-macos-arm64/share/nvim/runtime/syntax/lua.vim"
finished sourcing /Users/hanifmuhammad/nvim-macos-arm64/share/nvim/runtime/syntax/lua.vim
continuing in nvim_exec2()
finished sourcing nvim_exec2()
sourcing "nvim_exec2()"
finished sourcing nvim_exec2()
sourcing "nvim_exec2()"
finished sourcing nvim_exec2()
sourcing "nvim_exec2()"
line 1: sourcing "/Users/hanifmuhammad/nvim-macos-arm64/share/nvim/runtime/syntax/lsp_markdown.vim"
line 8: sourcing "/Users/hanifmuhammad/nvim-macos-arm64/share/nvim/runtime/syntax/markdown.vim"
line 21: sourcing "/Users/hanifmuhammad/nvim-macos-arm64/share/nvim/runtime/syntax/html.vim"
line 24: sourcing "/Users/hanifmuhammad/nvim-macos-arm64/share/nvim/runtime/syntax/xml.vim"
line 301: sourcing "/Users/hanifmuhammad/nvim-macos-arm64/share/nvim/runtime/syntax/dtd.vim"
finished sourcing /Users/hanifmuhammad/nvim-macos-arm64/share/nvim/runtime/syntax/dtd.vim
continuing in /Users/hanifmuhammad/nvim-macos-arm64/share/nvim/runtime/syntax/xml.vim
finished sourcing /Users/hanifmuhammad/nvim-macos-arm64/share/nvim/runtime/syntax/xml.vim
continuing in /Users/hanifmuhammad/nvim-macos-arm64/share/nvim/runtime/syntax/html.vim
line 274: sourcing "/Users/hanifmuhammad/nvim-macos-arm64/share/nvim/runtime/syntax/javascript.vim"
finished sourcing /Users/hanifmuhammad/nvim-macos-arm64/share/nvim/runtime/syntax/javascript.vim
continuing in /Users/hanifmuhammad/nvim-macos-arm64/share/nvim/runtime/syntax/html.vim
line 299: sourcing "/Users/hanifmuhammad/nvim-macos-arm64/share/nvim/runtime/syntax/vb.vim"
finished sourcing /Users/hanifmuhammad/nvim-macos-arm64/share/nvim/runtime/syntax/vb.vim
continuing in /Users/hanifmuhammad/nvim-macos-arm64/share/nvim/runtime/syntax/html.vim
line 309: sourcing "/Users/hanifmuhammad/nvim-macos-arm64/share/nvim/runtime/syntax/css.vim"
finished sourcing /Users/hanifmuhammad/nvim-macos-arm64/share/nvim/runtime/syntax/css.vim
continuing in /Users/hanifmuhammad/nvim-macos-arm64/share/nvim/runtime/syntax/html.vim
finished sourcing /Users/hanifmuhammad/nvim-macos-arm64/share/nvim/runtime/syntax/html.vim
continuing in /Users/hanifmuhammad/nvim-macos-arm64/share/nvim/runtime/syntax/markdown.vim
line 142: sourcing "/Users/hanifmuhammad/nvim-macos-arm64/share/nvim/runtime/syntax/yaml.vim"
finished sourcing /Users/hanifmuhammad/nvim-macos-arm64/share/nvim/runtime/syntax/yaml.vim
continuing in /Users/hanifmuhammad/nvim-macos-arm64/share/nvim/runtime/syntax/markdown.vim
finished sourcing /Users/hanifmuhammad/nvim-macos-arm64/share/nvim/runtime/syntax/markdown.vim
continuing in /Users/hanifmuhammad/nvim-macos-arm64/share/nvim/runtime/syntax/lsp_markdown.vim
finished sourcing /Users/hanifmuhammad/nvim-macos-arm64/share/nvim/runtime/syntax/lsp_markdown.vim
continuing in nvim_exec2()
finished sourcing nvim_exec2()
sourcing "nvim_exec2()"
finished sourcing nvim_exec2()-- INSERT --









-- INSERT --









-- INSERT --









-- INSERT --
sourcing "nvim_exec2()"
finished sourcing nvim_exec2()
sourcing "nvim_exec2()"
line 1: sourcing "/Users/hanifmuhammad/nvim-macos-arm64/share/nvim/runtime/syntax/lua.vim"
finished sourcing /Users/hanifmuhammad/nvim-macos-arm64/share/nvim/runtime/syntax/lua.vim
continuing in nvim_exec2()
finished sourcing nvim_exec2()
sourcing "nvim_exec2()"
finished sourcing nvim_exec2()-- INSERT --









-- INSERT --
sourcing "nvim_exec2()"
finished sourcing nvim_exec2()
sourcing "nvim_exec2()"
line 1: sourcing "/Users/hanifmuhammad/nvim-macos-arm64/share/nvim/runtime/syntax/lua.vim"
finished sourcing /Users/hanifmuhammad/nvim-macos-arm64/share/nvim/runtime/syntax/lua.vim
continuing in nvim_exec2()
finished sourcing nvim_exec2()
sourcing "nvim_exec2()"
finished sourcing nvim_exec2()-- INSERT --









-- INSERT --
sourcing "nvim_exec2()"
finished sourcing nvim_exec2()
sourcing "nvim_exec2()"
line 1: sourcing "/Users/hanifmuhammad/nvim-macos-arm64/share/nvim/runtime/syntax/lua.vim"
finished sourcing /Users/hanifmuhammad/nvim-macos-arm64/share/nvim/runtime/syntax/lua.vim
continuing in nvim_exec2()
finished sourcing nvim_exec2()
sourcing "nvim_exec2()"
finished sourcing nvim_exec2()-- INSERT --
not found in runtime path: "parser/comment.*"















sourcing "nvim_exec2()"
finished sourcing nvim_exec2()












"lua/hanipcode/plugins/minuet.lua" 
"lua/hanipcode/plugins/minuet.lua" 76L, 2509B written
Writing undo file: /Users/hanifmuhammad/.vim/undodir/%Users%hanifmuhammad%.config%nvim%lua%hanipcode%plugins%minuet.lua
"lua/hanipcode/plugins/minuet.lua" 76L, 2509B written
sourcing "nvim_exec2()"
finished sourcing nvim_exec2()
sourcing "nvim_exec2()"
finished sourcing nvim_exec2()
sourcing "nvim_exec2()"
finished sourcing nvim_exec2()
sourcing "nvim_exec2()"
finished sourcing nvim_exec2()
sourcing "nvim_exec2()"
finished sourcing nvim_exec2()
sourcing "nvim_exec2()"
finished sourcing nvim_exec2()
sourcing "nvim_exec2()"
finished sourcing nvim_exec2()
sourcing "nvim_exec2()"
finished sourcing nvim_exec2()
sourcing "nvim_exec2()"
finished sourcing nvim_exec2()
line 20: sourcing "/Users/hanifmuhammad/.local/share/nvim/lazy/telescope.nvim/ftplugin/TelescopePrompt.lua"
finished sourcing /Users/hanifmuhammad/.local/share/nvim/lazy/telescope.nvim/ftplugin/TelescopePrompt.lua
continuing in <SNR>2_LoadFTPlugin
not found in runtime path: "indent/TelescopePrompt[.]{vim,lua}"
not found in runtime path: "parser/telescopeprompt.*"
line 20: sourcing "/Users/hanifmuhammad/.local/share/nvim/lazy/telescope.nvim/ftplugin/TelescopeResults.lua"
finished sourcing /Users/hanifmuhammad/.local/share/nvim/lazy/telescope.nvim/ftplugin/TelescopeResults.lua
continuing in <SNR>2_LoadFTPlugin
not found in runtime path: "indent/TelescopeResults[.]{vim,lua}"
not found in runtime path: "parser/telescoperesults.*"
-- INSERT --
sourcing "nvim_exec2()"
finished sourcing nvim_exec2()-- INSERT ---- INSERT ---- INSERT ---- INSERT ---- INSERT --
sourcing "nvim_exec2()"
Reading ShaDa file "/Users/hanifmuhammad/.local/state/nvim/shada/main.shada" marks
not found in runtime path: "scripts.vim"
finished sourcing nvim_exec2()

/tak terkalahkan                                                                                                                                                                                                         

/tak terkalahkan                                                                                                                                                                                                   [1/12]
/tak terkalahkan                                                                                                                                                                                                   [1/12]

                                                                                                                                                                                                                   [2/12]
                                                                                                                                                                                                                   [2/12]

                                                                                                                                                                                                                   [3/12]
                                                                                                                                                                                                                   [3/12]

                                                                                                                                                                                                                   [4/12]
                                                                                                                                                                                                                   [4/12]

                                                                                                                                                                                                                   [5/12]
                                                                                                                                                                                                                   [5/12]

                                                                                                                                                                                                                   [6/12]
                                                                                                                                                                                                                   [6/12]

                                                                                                                                                                                                                   [7/12]
                                                                                                                                                                                                                   [7/12]

                                                                                                                                                                                                                   [8/12]
                                                                                                                                                                                                                   [8/12]

                                                                                                                                                                                                                   [9/12]
                                                                                                                                                                                                                   [9/12]
Writing undo file: /Users/hanifmuhammad/.vim/undodir/%Users%hanifmuhammad%.config%nvim%nvim.log

                                                                                                                                                                                                                  [10/15]
                                                                                                                                                                                                                  [10/15]

                                                                                                                                                                                                                  [11/15]
                                                                                                                                                                                                                  [11/15]

                                                                                                                                                                                                                  [12/15]
                                                                                                                                                                                                                  [12/15]

                                                                                                                                                                                                                  [13/15]
                                                                                                                                                                                                                  [13/15]

                                                                                                                                                                                                                  [14/15]
                                                                                                                                                                                                                  [14/15]

Writing ShaDa file "/Users/hanifmuhammad/.local/state/nvim/shada/main.shada"
sourcing "nvim_exec2()"
finished sourcing nvim_exec2()
sourcing "/Users/hanifmuhammad/nvim-macos-arm64/share/nvim/runtime/ftplugin.vim"
finished sourcing /Users/hanifmuhammad/nvim-macos-arm64/share/nvim/runtime/ftplugin.vim
sourcing "/Users/hanifmuhammad/nvim-macos-arm64/share/nvim/runtime/indent.vim"
finished sourcing /Users/hanifmuhammad/nvim-macos-arm64/share/nvim/runtime/indent.vim
could not source "/etc/xdg/nvim/sysinit.vim"
could not source "$VIM/sysinit.vim"
sourcing "/Users/hanifmuhammad/.config/nvim/init.lua"
line 0: sourcing "nvim_exec2() called at /Users/hanifmuhammad/.config/nvim/init.lua:0"
finished sourcing nvim_exec2() called at /Users/hanifmuhammad/.config/nvim/init.lua:0
continuing in /Users/hanifmuhammad/.config/nvim/init.lua
line 0: sourcing "nvim_exec2() called at /Users/hanifmuhammad/.config/nvim/init.lua:0"
finished sourcing nvim_exec2() called at /Users/hanifmuhammad/.config/nvim/init.lua:0
continuing in /Users/hanifmuhammad/.config/nvim/init.lua
line 0: sourcing "nvim_exec2() called at /Users/hanifmuhammad/.config/nvim/init.lua:0"
line 1: sourcing "/Users/hanifmuhammad/.local/share/nvim/lazy/go.nvim/ftdetect/filetype.vim"
finished sourcing /Users/hanifmuhammad/.local/share/nvim/lazy/go.nvim/ftdetect/filetype.vim
continuing in nvim_exec2() called at /Users/hanifmuhammad/.config/nvim/init.lua:0
finished sourcing nvim_exec2() called at /Users/hanifmuhammad/.config/nvim/init.lua:0
continuing in /Users/hanifmuhammad/.config/nvim/init.lua
line 0: sourcing "nvim_exec2() called at /Users/hanifmuhammad/.config/nvim/init.lua:0"
finished sourcing nvim_exec2() called at /Users/hanifmuhammad/.config/nvim/init.lua:0
continuing in /Users/hanifmuhammad/.config/nvim/init.lua
line 0: sourcing "nvim_exec2() called at /Users/hanifmuhammad/.config/nvim/init.lua:0"
finished sourcing nvim_exec2() called at /Users/hanifmuhammad/.config/nvim/init.lua:0
continuing in /Users/hanifmuhammad/.config/nvim/init.lua
line 0: sourcing "nvim_exec2() called at /Users/hanifmuhammad/.config/nvim/init.lua:0"
finished sourcing nvim_exec2() called at /Users/hanifmuhammad/.config/nvim/init.lua:0
continuing in /Users/hanifmuhammad/.config/nvim/init.lua
line 0: sourcing "nvim_exec2() called at /Users/hanifmuhammad/.config/nvim/init.lua:0"
line 1: sourcing "/Users/hanifmuhammad/nvim-macos-arm64/share/nvim/runtime/filetype.lua"
line 0: sourcing "nvim_exec2() called at /Users/hanifmuhammad/nvim-macos-arm64/share/nvim/runtime/filetype.lua:0"
not found in runtime path: "ftdetect/*.{vim,lua}"
finished sourcing nvim_exec2() called at /Users/hanifmuhammad/nvim-macos-arm64/share/nvim/runtime/filetype.lua:0
continuing in /Users/hanifmuhammad/nvim-macos-arm64/share/nvim/runtime/filetype.lua
finished sourcing /Users/hanifmuhammad/nvim-macos-arm64/share/nvim/runtime/filetype.lua
continuing in nvim_exec2() called at /Users/hanifmuhammad/.config/nvim/init.lua:0
finished sourcing nvim_exec2() called at /Users/hanifmuhammad/.config/nvim/init.lua:0
continuing in /Users/hanifmuhammad/.config/nvim/init.lua
line 0: sourcing "nvim_exec2() called at /Users/hanifmuhammad/.config/nvim/init.lua:0"
finished sourcing nvim_exec2() called at /Users/hanifmuhammad/.config/nvim/init.lua:0
continuing in /Users/hanifmuhammad/.config/nvim/init.lua
line 0: sourcing "nvim_exec2() called at /Users/hanifmuhammad/.config/nvim/init.lua:0"
finished sourcing nvim_exec2() called at /Users/hanifmuhammad/.config/nvim/init.lua:0
continuing in /Users/hanifmuhammad/.config/nvim/init.lua
line 0: sourcing "nvim_exec2() called at /Users/hanifmuhammad/.config/nvim/init.lua:0"
finished sourcing nvim_exec2() called at /Users/hanifmuhammad/.config/nvim/init.lua:0
continuing in /Users/hanifmuhammad/.config/nvim/init.lua
line 0: sourcing "nvim_exec2() called at /Users/hanifmuhammad/.config/nvim/init.lua:0"
finished sourcing nvim_exec2() called at /Users/hanifmuhammad/.config/nvim/init.lua:0
continuing in /Users/hanifmuhammad/.config/nvim/init.lua
line 0: sourcing "/Users/hanifmuhammad/.local/share/nvim/lazy/catppuccin/colors/catppuccin.vim"
finished sourcing /Users/hanifmuhammad/.local/share/nvim/lazy/catppuccin/colors/catppuccin.vim
continuing in /Users/hanifmuhammad/.config/nvim/init.lua
line 0: sourcing "nvim_exec2() called at /Users/hanifmuhammad/.config/nvim/init.lua:0"
line 1: sourcing "/Users/hanifmuhammad/.local/share/nvim/lazy/snacks.nvim/plugin/snacks.lua"
finished sourcing /Users/hanifmuhammad/.local/share/nvim/lazy/snacks.nvim/plugin/snacks.lua
continuing in nvim_exec2() called at /Users/hanifmuhammad/.config/nvim/init.lua:0
finished sourcing nvim_exec2() called at /Users/hanifmuhammad/.config/nvim/init.lua:0
continuing in /Users/hanifmuhammad/.config/nvim/init.lua
line 0: sourcing "nvim_exec2() called at /Users/hanifmuhammad/.config/nvim/init.lua:0"
finished sourcing nvim_exec2() called at /Users/hanifmuhammad/.config/nvim/init.lua:0
continuing in /Users/hanifmuhammad/.config/nvim/init.lua
line 0: sourcing "nvim_exec2() called at /Users/hanifmuhammad/.config/nvim/init.lua:0"
finished sourcing nvim_exec2() called at /Users/hanifmuhammad/.config/nvim/init.lua:0
continuing in /Users/hanifmuhammad/.config/nvim/init.lua
line 0: sourcing "nvim_exec2() called at /Users/hanifmuhammad/.config/nvim/init.lua:0"
line 1: sourcing "/Users/hanifmuhammad/.local/share/nvim/lazy/plenary.nvim/plugin/plenary.vim"
finished sourcing /Users/hanifmuhammad/.local/share/nvim/lazy/plenary.nvim/plugin/plenary.vim
continuing in nvim_exec2() called at /Users/hanifmuhammad/.config/nvim/init.lua:0
finished sourcing nvim_exec2() called at /Users/hanifmuhammad/.config/nvim/init.lua:0
continuing in /Users/hanifmuhammad/.config/nvim/init.lua
line 0: sourcing "nvim_exec2() called at /Users/hanifmuhammad/.config/nvim/init.lua:0"
finished sourcing nvim_exec2() called at /Users/hanifmuhammad/.config/nvim/init.lua:0
continuing in /Users/hanifmuhammad/.config/nvim/init.lua
line 0: sourcing "nvim_exec2() called at /Users/hanifmuhammad/.config/nvim/init.lua:0"
finished sourcing nvim_exec2() called at /Users/hanifmuhammad/.config/nvim/init.lua:0
continuing in /Users/hanifmuhammad/.config/nvim/init.lua
line 0: sourcing "nvim_exec2() called at /Users/hanifmuhammad/.config/nvim/init.lua:0"
line 1: sourcing "/Users/hanifmuhammad/.local/share/nvim/lazy/nvim-web-devicons/plugin/nvim-web-devicons.vim"
finished sourcing /Users/hanifmuhammad/.local/share/nvim/lazy/nvim-web-devicons/plugin/nvim-web-devicons.vim
continuing in nvim_exec2() called at /Users/hanifmuhammad/.config/nvim/init.lua:0
finished sourcing nvim_exec2() called at /Users/hanifmuhammad/.config/nvim/init.lua:0
continuing in /Users/hanifmuhammad/.config/nvim/init.lua
line 0: sourcing "nvim_exec2() called at /Users/hanifmuhammad/.config/nvim/init.lua:0"
finished sourcing nvim_exec2() called at /Users/hanifmuhammad/.config/nvim/init.lua:0
continuing in /Users/hanifmuhammad/.config/nvim/init.lua
line 0: sourcing "nvim_exec2() called at /Users/hanifmuhammad/.config/nvim/init.lua:0"
finished sourcing nvim_exec2() called at /Users/hanifmuhammad/.config/nvim/init.lua:0
continuing in /Users/hanifmuhammad/.config/nvim/init.lua
line 0: sourcing "nvim_exec2() called at /Users/hanifmuhammad/.config/nvim/init.lua:0"
line 1: sourcing "/Users/hanifmuhammad/.local/share/nvim/lazy/todo-comments.nvim/plugin/todo.vim"
finished sourcing /Users/hanifmuhammad/.local/share/nvim/lazy/todo-comments.nvim/plugin/todo.vim
continuing in nvim_exec2() called at /Users/hanifmuhammad/.config/nvim/init.lua:0
finished sourcing nvim_exec2() called at /Users/hanifmuhammad/.config/nvim/init.lua:0
continuing in /Users/hanifmuhammad/.config/nvim/init.lua
line 0: sourcing "nvim_exec2() called at /Users/hanifmuhammad/.config/nvim/init.lua:0"
finished sourcing nvim_exec2() called at /Users/hanifmuhammad/.config/nvim/init.lua:0
continuing in /Users/hanifmuhammad/.config/nvim/init.lua
line 0: sourcing "nvim_exec2() called at /Users/hanifmuhammad/.config/nvim/init.lua:0"
finished sourcing nvim_exec2() called at /Users/hanifmuhammad/.config/nvim/init.lua:0
continuing in /Users/hanifmuhammad/.config/nvim/init.lua
line 0: sourcing "nvim_exec2() called at /Users/hanifmuhammad/.config/nvim/init.lua:0"
line 1: sourcing "/Users/hanifmuhammad/.local/share/nvim/lazy/telescope.nvim/plugin/telescope.lua"
finished sourcing /Users/hanifmuhammad/.local/share/nvim/lazy/telescope.nvim/plugin/telescope.lua
continuing in nvim_exec2() called at /Users/hanifmuhammad/.config/nvim/init.lua:0
finished sourcing nvim_exec2() called at /Users/hanifmuhammad/.config/nvim/init.lua:0
continuing in /Users/hanifmuhammad/.config/nvim/init.lua
line 0: sourcing "nvim_exec2() called at /Users/hanifmuhammad/.config/nvim/init.lua:0"
finished sourcing nvim_exec2() called at /Users/hanifmuhammad/.config/nvim/init.lua:0
continuing in /Users/hanifmuhammad/.config/nvim/init.lua
line 0: sourcing "nvim_exec2() called at /Users/hanifmuhammad/.config/nvim/init.lua:0"
finished sourcing nvim_exec2() called at /Users/hanifmuhammad/.config/nvim/init.lua:0
continuing in /Users/hanifmuhammad/.config/nvim/init.lua
line 0: sourcing "nvim_exec2() called at /Users/hanifmuhammad/.config/nvim/init.lua:0"
finished sourcing nvim_exec2() called at /Users/hanifmuhammad/.config/nvim/init.lua:0
continuing in /Users/hanifmuhammad/.config/nvim/init.lua
line 0: sourcing "nvim_exec2() called at /Users/hanifmuhammad/.config/nvim/init.lua:0"
finished sourcing nvim_exec2() called at /Users/hanifmuhammad/.config/nvim/init.lua:0
continuing in /Users/hanifmuhammad/.config/nvim/init.lua
line 0: sourcing "nvim_exec2() called at /Users/hanifmuhammad/.config/nvim/init.lua:0"
line 1: sourcing "/Users/hanifmuhammad/.local/share/nvim/lazy/undotree/plugin/undotree.vim"
finished sourcing /Users/hanifmuhammad/.local/share/nvim/lazy/undotree/plugin/undotree.vim
continuing in nvim_exec2() called at /Users/hanifmuhammad/.config/nvim/init.lua:0
finished sourcing nvim_exec2() called at /Users/hanifmuhammad/.config/nvim/init.lua:0
continuing in /Users/hanifmuhammad/.config/nvim/init.lua
line 0: sourcing "nvim_exec2() called at /Users/hanifmuhammad/.config/nvim/init.lua:0"
finished sourcing nvim_exec2() called at /Users/hanifmuhammad/.config/nvim/init.lua:0
continuing in /Users/hanifmuhammad/.config/nvim/init.lua
line 0: sourcing "nvim_exec2() called at /Users/hanifmuhammad/.config/nvim/init.lua:0"
finished sourcing nvim_exec2() called at /Users/hanifmuhammad/.config/nvim/init.lua:0
continuing in /Users/hanifmuhammad/.config/nvim/init.lua
line 0: sourcing "nvim_exec2() called at /Users/hanifmuhammad/.config/nvim/init.lua:0"
line 1: sourcing "/Users/hanifmuhammad/.local/share/nvim/lazy/nvim-cmp/plugin/cmp.lua"
line 0: sourcing "nvim_exec2() called at /Users/hanifmuhammad/.local/share/nvim/lazy/nvim-cmp/plugin/cmp.lua:0"
finished sourcing nvim_exec2() called at /Users/hanifmuhammad/.local/share/nvim/lazy/nvim-cmp/plugin/cmp.lua:0
continuing in /Users/hanifmuhammad/.local/share/nvim/lazy/nvim-cmp/plugin/cmp.lua
finished sourcing /Users/hanifmuhammad/.local/share/nvim/lazy/nvim-cmp/plugin/cmp.lua
continuing in nvim_exec2() called at /Users/hanifmuhammad/.config/nvim/init.lua:0
finished sourcing nvim_exec2() called at /Users/hanifmuhammad/.config/nvim/init.lua:0
continuing in /Users/hanifmuhammad/.config/nvim/init.lua
line 0: sourcing "nvim_exec2() called at /Users/hanifmuhammad/.config/nvim/init.lua:0"
finished sourcing nvim_exec2() called at /Users/hanifmuhammad/.config/nvim/init.lua:0
continuing in /Users/hanifmuhammad/.config/nvim/init.lua
line 0: sourcing "nvim_exec2() called at /Users/hanifmuhammad/.config/nvim/init.lua:0"
finished sourcing nvim_exec2() called at /Users/hanifmuhammad/.config/nvim/init.lua:0
continuing in /Users/hanifmuhammad/.config/nvim/init.lua
line 0: sourcing "nvim_exec2() called at /Users/hanifmuhammad/.config/nvim/init.lua:0"
line 1: sourcing "/Users/hanifmuhammad/.local/share/nvim/lazy/bullets.vim/plugin/bullets.vim"
finished sourcing /Users/hanifmuhammad/.local/share/nvim/lazy/bullets.vim/plugin/bullets.vim
continuing in nvim_exec2() called at /Users/hanifmuhammad/.config/nvim/init.lua:0
finished sourcing nvim_exec2() called at /Users/hanifmuhammad/.config/nvim/init.lua:0
continuing in /Users/hanifmuhammad/.config/nvim/init.lua
line 0: sourcing "nvim_exec2() called at /Users/hanifmuhammad/.config/nvim/init.lua:0"
finished sourcing nvim_exec2() called at /Users/hanifmuhammad/.config/nvim/init.lua:0
continuing in /Users/hanifmuhammad/.config/nvim/init.lua
line 0: sourcing "nvim_exec2() called at /Users/hanifmuhammad/.config/nvim/init.lua:0"
finished sourcing nvim_exec2() called at /Users/hanifmuhammad/.config/nvim/init.lua:0
continuing in /Users/hanifmuhammad/.config/nvim/init.lua
line 0: sourcing "nvim_exec2() called at /Users/hanifmuhammad/.config/nvim/init.lua:0"
finished sourcing nvim_exec2() called at /Users/hanifmuhammad/.config/nvim/init.lua:0
continuing in /Users/hanifmuhammad/.config/nvim/init.lua
line 0: sourcing "nvim_exec2() called at /Users/hanifmuhammad/.config/nvim/init.lua:0"
finished sourcing nvim_exec2() called at /Users/hanifmuhammad/.config/nvim/init.lua:0
continuing in /Users/hanifmuhammad/.config/nvim/init.lua
line 0: sourcing "nvim_exec2() called at /Users/hanifmuhammad/.config/nvim/init.lua:0"
finished sourcing nvim_exec2() called at /Users/hanifmuhammad/.config/nvim/init.lua:0
continuing in /Users/hanifmuhammad/.config/nvim/init.lua
line 0: sourcing "nvim_exec2() called at /Users/hanifmuhammad/.config/nvim/init.lua:0"
finished sourcing nvim_exec2() called at /Users/hanifmuhammad/.config/nvim/init.lua:0
continuing in /Users/hanifmuhammad/.config/nvim/init.lua
line 0: sourcing "nvim_exec2() called at /Users/hanifmuhammad/.config/nvim/init.lua:0"
line 1: sourcing "/Users/hanifmuhammad/.local/share/nvim/lazy/mason-tool-installer.nvim/plugin/mason-tool-installer.lua"
finished sourcing /Users/hanifmuhammad/.local/share/nvim/lazy/mason-tool-installer.nvim/plugin/mason-tool-installer.lua
continuing in nvim_exec2() called at /Users/hanifmuhammad/.config/nvim/init.lua:0
finished sourcing nvim_exec2() called at /Users/hanifmuhammad/.config/nvim/init.lua:0
continuing in /Users/hanifmuhammad/.config/nvim/init.lua
line 0: sourcing "nvim_exec2() called at /Users/hanifmuhammad/.config/nvim/init.lua:0"
finished sourcing nvim_exec2() called at /Users/hanifmuhammad/.config/nvim/init.lua:0
continuing in /Users/hanifmuhammad/.config/nvim/init.lua
line 0: sourcing "nvim_exec2() called at /Users/hanifmuhammad/.config/nvim/init.lua:0"
finished sourcing nvim_exec2() called at /Users/hanifmuhammad/.config/nvim/init.lua:0
continuing in /Users/hanifmuhammad/.config/nvim/init.lua
line 0: sourcing "nvim_exec2() called at /Users/hanifmuhammad/.config/nvim/init.lua:0"
finished sourcing nvim_exec2() called at /Users/hanifmuhammad/.config/nvim/init.lua:0
continuing in /Users/hanifmuhammad/.config/nvim/init.lua
line 0: sourcing "nvim_exec2() called at /Users/hanifmuhammad/.config/nvim/init.lua:0"
finished sourcing nvim_exec2() called at /Users/hanifmuhammad/.config/nvim/init.lua:0
continuing in /Users/hanifmuhammad/.config/nvim/init.lua
line 0: sourcing "nvim_exec2() called at /Users/hanifmuhammad/.config/nvim/init.lua:0"
finished sourcing nvim_exec2() called at /Users/hanifmuhammad/.config/nvim/init.lua:0
continuing in /Users/hanifmuhammad/.config/nvim/init.lua
line 0: sourcing "nvim_exec2() called at /Users/hanifmuhammad/.config/nvim/init.lua:0"
finished sourcing nvim_exec2() called at /Users/hanifmuhammad/.config/nvim/init.lua:0
continuing in /Users/hanifmuhammad/.config/nvim/init.lua
line 0: sourcing "nvim_exec2() called at /Users/hanifmuhammad/.config/nvim/init.lua:0"
finished sourcing nvim_exec2() called at /Users/hanifmuhammad/.config/nvim/init.lua:0
continuing in /Users/hanifmuhammad/.config/nvim/init.lua
line 0: sourcing "nvim_exec2() called at /Users/hanifmuhammad/.config/nvim/init.lua:0"
finished sourcing nvim_exec2() called at /Users/hanifmuhammad/.config/nvim/init.lua:0
continuing in /Users/hanifmuhammad/.config/nvim/init.lua
line 0: sourcing "nvim_exec2() called at /Users/hanifmuhammad/.config/nvim/init.lua:0"
finished sourcing nvim_exec2() called at /Users/hanifmuhammad/.config/nvim/init.lua:0
continuing in /Users/hanifmuhammad/.config/nvim/init.lua
line 0: sourcing "nvim_exec2() called at /Users/hanifmuhammad/.config/nvim/init.lua:0"
finished sourcing nvim_exec2() called at /Users/hanifmuhammad/.config/nvim/init.lua:0
continuing in /Users/hanifmuhammad/.config/nvim/init.lua
line 0: sourcing "nvim_exec2() called at /Users/hanifmuhammad/.config/nvim/init.lua:0"
finished sourcing nvim_exec2() called at /Users/hanifmuhammad/.config/nvim/init.lua:0
continuing in /Users/hanifmuhammad/.config/nvim/init.lua
line 0: sourcing "nvim_exec2() called at /Users/hanifmuhammad/.config/nvim/init.lua:0"
finished sourcing nvim_exec2() called at /Users/hanifmuhammad/.config/nvim/init.lua:0
continuing in /Users/hanifmuhammad/.config/nvim/init.lua
line 0: sourcing "nvim_exec2() called at /Users/hanifmuhammad/.config/nvim/init.lua:0"
finished sourcing nvim_exec2() called at /Users/hanifmuhammad/.config/nvim/init.lua:0
continuing in /Users/hanifmuhammad/.config/nvim/init.lua
line 0: sourcing "nvim_exec2() called at /Users/hanifmuhammad/.config/nvim/init.lua:0"
finished sourcing nvim_exec2() called at /Users/hanifmuhammad/.config/nvim/init.lua:0
continuing in /Users/hanifmuhammad/.config/nvim/init.lua
line 0: sourcing "nvim_exec2() called at /Users/hanifmuhammad/.config/nvim/init.lua:0"
line 1: sourcing "/Users/hanifmuhammad/.local/share/nvim/lazy/LuaSnip/plugin/luasnip.lua"
finished sourcing /Users/hanifmuhammad/.local/share/nvim/lazy/LuaSnip/plugin/luasnip.lua
continuing in nvim_exec2() called at /Users/hanifmuhammad/.config/nvim/init.lua:0
finished sourcing nvim_exec2() called at /Users/hanifmuhammad/.config/nvim/init.lua:0
continuing in /Users/hanifmuhammad/.config/nvim/init.lua
line 0: sourcing "nvim_exec2() called at /Users/hanifmuhammad/.config/nvim/init.lua:0"
line 1: sourcing "/Users/hanifmuhammad/.local/share/nvim/lazy/LuaSnip/plugin/luasnip.vim"
finished sourcing /Users/hanifmuhammad/.local/share/nvim/lazy/LuaSnip/plugin/luasnip.vim
continuing in nvim_exec2() called at /Users/hanifmuhammad/.config/nvim/init.lua:0
finished sourcing nvim_exec2() called at /Users/hanifmuhammad/.config/nvim/init.lua:0
continuing in /Users/hanifmuhammad/.config/nvim/init.lua
line 0: sourcing "nvim_exec2() called at /Users/hanifmuhammad/.config/nvim/init.lua:0"
finished sourcing nvim_exec2() called at /Users/hanifmuhammad/.config/nvim/init.lua:0
continuing in /Users/hanifmuhammad/.config/nvim/init.lua
line 0: sourcing "nvim_exec2() called at /Users/hanifmuhammad/.config/nvim/init.lua:0"
finished sourcing nvim_exec2() called at /Users/hanifmuhammad/.config/nvim/init.lua:0
continuing in /Users/hanifmuhammad/.config/nvim/init.lua
line 0: sourcing "nvim_exec2() called at /Users/hanifmuhammad/.config/nvim/init.lua:0"
finished sourcing nvim_exec2() called at /Users/hanifmuhammad/.config/nvim/init.lua:0
continuing in /Users/hanifmuhammad/.config/nvim/init.lua
line 0: sourcing "nvim_exec2() called at /Users/hanifmuhammad/.config/nvim/init.lua:0"
finished sourcing nvim_exec2() called at /Users/hanifmuhammad/.config/nvim/init.lua:0
continuing in /Users/hanifmuhammad/.config/nvim/init.lua
line 0: sourcing "nvim_exec2() called at /Users/hanifmuhammad/.config/nvim/init.lua:0"
line 1: sourcing "/Users/hanifmuhammad/.local/share/nvim/lazy/nvim-vtsls/plugin/init.lua"
finished sourcing /Users/hanifmuhammad/.local/share/nvim/lazy/nvim-vtsls/plugin/init.lua
continuing in nvim_exec2() called at /Users/hanifmuhammad/.config/nvim/init.lua:0
finished sourcing nvim_exec2() called at /Users/hanifmuhammad/.config/nvim/init.lua:0
continuing in /Users/hanifmuhammad/.config/nvim/init.lua
line 0: sourcing "nvim_exec2() called at /Users/hanifmuhammad/.config/nvim/init.lua:0"
finished sourcing nvim_exec2() called at /Users/hanifmuhammad/.config/nvim/init.lua:0
continuing in /Users/hanifmuhammad/.config/nvim/init.lua
line 0: sourcing "nvim_exec2() called at /Users/hanifmuhammad/.config/nvim/init.lua:0"
finished sourcing nvim_exec2() called at /Users/hanifmuhammad/.config/nvim/init.lua:0
continuing in /Users/hanifmuhammad/.config/nvim/init.lua
line 0: sourcing "nvim_exec2() called at /Users/hanifmuhammad/.config/nvim/init.lua:0"
line 1: sourcing "/Users/hanifmuhammad/.local/share/nvim/lazy/nvim-lspconfig/plugin/lspconfig.lua"
finished sourcing /Users/hanifmuhammad/.local/share/nvim/lazy/nvim-lspconfig/plugin/lspconfig.lua
continuing in nvim_exec2() called at /Users/hanifmuhammad/.config/nvim/init.lua:0
finished sourcing nvim_exec2() called at /Users/hanifmuhammad/.config/nvim/init.lua:0
continuing in /Users/hanifmuhammad/.config/nvim/init.lua
line 0: sourcing "nvim_exec2() called at /Users/hanifmuhammad/.config/nvim/init.lua:0"
finished sourcing nvim_exec2() called at /Users/hanifmuhammad/.config/nvim/init.lua:0
continuing in /Users/hanifmuhammad/.config/nvim/init.lua
line 0: sourcing "nvim_exec2() called at /Users/hanifmuhammad/.config/nvim/init.lua:0"
finished sourcing nvim_exec2() called at /Users/hanifmuhammad/.config/nvim/init.lua:0
continuing in /Users/hanifmuhammad/.config/nvim/init.lua
line 0: sourcing "nvim_exec2() called at /Users/hanifmuhammad/.config/nvim/init.lua:0"
finished sourcing nvim_exec2() called at /Users/hanifmuhammad/.config/nvim/init.lua:0
continuing in /Users/hanifmuhammad/.config/nvim/init.lua
line 0: sourcing "nvim_exec2() called at /Users/hanifmuhammad/.config/nvim/init.lua:0"
line 1: sourcing "/Users/hanifmuhammad/.local/share/nvim/lazy/guihua.lua/ftdetect/guihua.vim"
finished sourcing /Users/hanifmuhammad/.local/share/nvim/lazy/guihua.lua/ftdetect/guihua.vim
continuing in nvim_exec2() called at /Users/hanifmuhammad/.config/nvim/init.lua:0
finished sourcing nvim_exec2() called at /Users/hanifmuhammad/.config/nvim/init.lua:0
continuing in /Users/hanifmuhammad/.config/nvim/init.lua
line 0: sourcing "nvim_exec2() called at /Users/hanifmuhammad/.config/nvim/init.lua:0"
finished sourcing nvim_exec2() called at /Users/hanifmuhammad/.config/nvim/init.lua:0
continuing in /Users/hanifmuhammad/.config/nvim/init.lua
line 0: sourcing "nvim_exec2() called at /Users/hanifmuhammad/.config/nvim/init.lua:0"
line 1: sourcing "/Users/hanifmuhammad/.local/share/nvim/lazy/nvim-treesitter/plugin/nvim-treesitter.lua"
finished sourcing /Users/hanifmuhammad/.local/share/nvim/lazy/nvim-treesitter/plugin/nvim-treesitter.lua
continuing in nvim_exec2() called at /Users/hanifmuhammad/.config/nvim/init.lua:0
finished sourcing nvim_exec2() called at /Users/hanifmuhammad/.config/nvim/init.lua:0
continuing in /Users/hanifmuhammad/.config/nvim/init.lua
line 0: sourcing "nvim_exec2() called at /Users/hanifmuhammad/.config/nvim/init.lua:0"
finished sourcing nvim_exec2() called at /Users/hanifmuhammad/.config/nvim/init.lua:0
continuing in /Users/hanifmuhammad/.config/nvim/init.lua
line 0: sourcing "nvim_exec2() called at /Users/hanifmuhammad/.config/nvim/init.lua:0"
finished sourcing nvim_exec2() called at /Users/hanifmuhammad/.config/nvim/init.lua:0
continuing in /Users/hanifmuhammad/.config/nvim/init.lua
line 0: sourcing "nvim_exec2() called at /Users/hanifmuhammad/.config/nvim/init.lua:0"
finished sourcing nvim_exec2() called at /Users/hanifmuhammad/.config/nvim/init.lua:0
continuing in /Users/hanifmuhammad/.config/nvim/init.lua
line 0: sourcing "nvim_exec2() called at /Users/hanifmuhammad/.config/nvim/init.lua:0"
finished sourcing nvim_exec2() called at /Users/hanifmuhammad/.config/nvim/init.lua:0
continuing in /Users/hanifmuhammad/.config/nvim/init.lua
line 0: sourcing "nvim_exec2() called at /Users/hanifmuhammad/.config/nvim/init.lua:0"
finished sourcing nvim_exec2() called at /Users/hanifmuhammad/.config/nvim/init.lua:0
continuing in /Users/hanifmuhammad/.config/nvim/init.lua
line 0: sourcing "nvim_exec2() called at /Users/hanifmuhammad/.config/nvim/init.lua:0"
finished sourcing nvim_exec2() called at /Users/hanifmuhammad/.config/nvim/init.lua:0
continuing in /Users/hanifmuhammad/.config/nvim/init.lua
line 0: sourcing "nvim_exec2() called at /Users/hanifmuhammad/.config/nvim/init.lua:0"
finished sourcing nvim_exec2() called at /Users/hanifmuhammad/.config/nvim/init.lua:0
continuing in /Users/hanifmuhammad/.config/nvim/init.lua
line 0: sourcing "nvim_exec2() called at /Users/hanifmuhammad/.config/nvim/init.lua:0"
finished sourcing nvim_exec2() called at /Users/hanifmuhammad/.config/nvim/init.lua:0
continuing in /Users/hanifmuhammad/.config/nvim/init.lua
not found in runtime path: "package.jsonc"
line 0: sourcing "nvim_exec2() called at /Users/hanifmuhammad/.config/nvim/init.lua:0"
finished sourcing nvim_exec2() called at /Users/hanifmuhammad/.config/nvim/init.lua:0
continuing in /Users/hanifmuhammad/.config/nvim/init.lua
line 0: sourcing "nvim_exec2() called at /Users/hanifmuhammad/.config/nvim/init.lua:0"
finished sourcing nvim_exec2() called at /Users/hanifmuhammad/.config/nvim/init.lua:0
continuing in /Users/hanifmuhammad/.config/nvim/init.lua
line 0: sourcing "nvim_exec2() called at /Users/hanifmuhammad/.config/nvim/init.lua:0"
line 1: sourcing "/Users/hanifmuhammad/.local/share/nvim/lazy/VectorCode/plugin/vectorcode.lua"
finished sourcing /Users/hanifmuhammad/.local/share/nvim/lazy/VectorCode/plugin/vectorcode.lua
continuing in nvim_exec2() called at /Users/hanifmuhammad/.config/nvim/init.lua:0
finished sourcing nvim_exec2() called at /Users/hanifmuhammad/.config/nvim/init.lua:0
continuing in /Users/hanifmuhammad/.config/nvim/init.lua
line 0: sourcing "nvim_exec2() called at /Users/hanifmuhammad/.config/nvim/init.lua:0"
finished sourcing nvim_exec2() called at /Users/hanifmuhammad/.config/nvim/init.lua:0
continuing in /Users/hanifmuhammad/.config/nvim/init.lua
line 0: sourcing "nvim_exec2() called at /Users/hanifmuhammad/.config/nvim/init.lua:0"
finished sourcing nvim_exec2() called at /Users/hanifmuhammad/.config/nvim/init.lua:0
continuing in /Users/hanifmuhammad/.config/nvim/init.lua
line 0: sourcing "nvim_exec2() called at /Users/hanifmuhammad/.config/nvim/init.lua:0"
finished sourcing nvim_exec2() called at /Users/hanifmuhammad/.config/nvim/init.lua:0
continuing in /Users/hanifmuhammad/.config/nvim/init.lua
line 0: sourcing "nvim_exec2() called at /Users/hanifmuhammad/.config/nvim/init.lua:0"
finished sourcing nvim_exec2() called at /Users/hanifmuhammad/.config/nvim/init.lua:0
continuing in /Users/hanifmuhammad/.config/nvim/init.lua
line 0: sourcing "nvim_exec2() called at /Users/hanifmuhammad/.config/nvim/init.lua:0"
finished sourcing nvim_exec2() called at /Users/hanifmuhammad/.config/nvim/init.lua:0
continuing in /Users/hanifmuhammad/.config/nvim/init.lua
line 0: sourcing "nvim_exec2() called at /Users/hanifmuhammad/.config/nvim/init.lua:0"
finished sourcing nvim_exec2() called at /Users/hanifmuhammad/.config/nvim/init.lua:0
continuing in /Users/hanifmuhammad/.config/nvim/init.lua
line 0: sourcing "nvim_exec2() called at /Users/hanifmuhammad/.config/nvim/init.lua:0"
finished sourcing nvim_exec2() called at /Users/hanifmuhammad/.config/nvim/init.lua:0
continuing in /Users/hanifmuhammad/.config/nvim/init.lua
line 0: sourcing "nvim_exec2() called at /Users/hanifmuhammad/.config/nvim/init.lua:0"
finished sourcing nvim_exec2() called at /Users/hanifmuhammad/.config/nvim/init.lua:0
continuing in /Users/hanifmuhammad/.config/nvim/init.lua
line 0: sourcing "nvim_exec2() called at /Users/hanifmuhammad/.config/nvim/init.lua:0"
finished sourcing nvim_exec2() called at /Users/hanifmuhammad/.config/nvim/init.lua:0
continuing in /Users/hanifmuhammad/.config/nvim/init.lua
line 0: sourcing "nvim_exec2() called at /Users/hanifmuhammad/.config/nvim/init.lua:0"
finished sourcing nvim_exec2() called at /Users/hanifmuhammad/.config/nvim/init.lua:0
continuing in /Users/hanifmuhammad/.config/nvim/init.lua
line 0: sourcing "nvim_exec2() called at /Users/hanifmuhammad/.config/nvim/init.lua:0"
finished sourcing nvim_exec2() called at /Users/hanifmuhammad/.config/nvim/init.lua:0
continuing in /Users/hanifmuhammad/.config/nvim/init.lua
line 0: sourcing "nvim_exec2() called at /Users/hanifmuhammad/.config/nvim/init.lua:0"
finished sourcing nvim_exec2() called at /Users/hanifmuhammad/.config/nvim/init.lua:0
continuing in /Users/hanifmuhammad/.config/nvim/init.lua
line 0: sourcing "nvim_exec2() called at /Users/hanifmuhammad/.config/nvim/init.lua:0"
finished sourcing nvim_exec2() called at /Users/hanifmuhammad/.config/nvim/init.lua:0
continuing in /Users/hanifmuhammad/.config/nvim/init.lua
line 0: sourcing "nvim_exec2() called at /Users/hanifmuhammad/.config/nvim/init.lua:0"
finished sourcing nvim_exec2() called at /Users/hanifmuhammad/.config/nvim/init.lua:0
continuing in /Users/hanifmuhammad/.config/nvim/init.lua
line 0: sourcing "nvim_exec2() called at /Users/hanifmuhammad/.config/nvim/init.lua:0"
finished sourcing nvim_exec2() called at /Users/hanifmuhammad/.config/nvim/init.lua:0
continuing in /Users/hanifmuhammad/.config/nvim/init.lua
line 0: sourcing "nvim_exec2() called at /Users/hanifmuhammad/.config/nvim/init.lua:0"
finished sourcing nvim_exec2() called at /Users/hanifmuhammad/.config/nvim/init.lua:0
continuing in /Users/hanifmuhammad/.config/nvim/init.lua
line 0: sourcing "nvim_exec2() called at /Users/hanifmuhammad/.config/nvim/init.lua:0"
finished sourcing nvim_exec2() called at /Users/hanifmuhammad/.config/nvim/init.lua:0
continuing in /Users/hanifmuhammad/.config/nvim/init.lua
line 0: sourcing "nvim_exec2() called at /Users/hanifmuhammad/.config/nvim/init.lua:0"
finished sourcing nvim_exec2() called at /Users/hanifmuhammad/.config/nvim/init.lua:0
continuing in /Users/hanifmuhammad/.config/nvim/init.lua
line 0: sourcing "nvim_exec2() called at /Users/hanifmuhammad/.config/nvim/init.lua:0"
finished sourcing nvim_exec2() called at /Users/hanifmuhammad/.config/nvim/init.lua:0
continuing in /Users/hanifmuhammad/.config/nvim/init.lua
line 0: sourcing "nvim_exec2() called at /Users/hanifmuhammad/.config/nvim/init.lua:0"
finished sourcing nvim_exec2() called at /Users/hanifmuhammad/.config/nvim/init.lua:0
continuing in /Users/hanifmuhammad/.config/nvim/init.lua
line 0: sourcing "nvim_exec2() called at /Users/hanifmuhammad/.config/nvim/init.lua:0"
finished sourcing nvim_exec2() called at /Users/hanifmuhammad/.config/nvim/init.lua:0
continuing in /Users/hanifmuhammad/.config/nvim/init.lua
line 0: sourcing "nvim_exec2() called at /Users/hanifmuhammad/.config/nvim/init.lua:0"
finished sourcing nvim_exec2() called at /Users/hanifmuhammad/.config/nvim/init.lua:0
continuing in /Users/hanifmuhammad/.config/nvim/init.lua
line 0: sourcing "nvim_exec2() called at /Users/hanifmuhammad/.config/nvim/init.lua:0"
finished sourcing nvim_exec2() called at /Users/hanifmuhammad/.config/nvim/init.lua:0
continuing in /Users/hanifmuhammad/.config/nvim/init.lua
line 0: sourcing "nvim_exec2() called at /Users/hanifmuhammad/.config/nvim/init.lua:0"
--- Autocommands ---
finished sourcing nvim_exec2() called at /Users/hanifmuhammad/.config/nvim/init.lua:0
continuing in /Users/hanifmuhammad/.config/nvim/init.lua
line 0: sourcing "nvim_exec2() called at /Users/hanifmuhammad/.config/nvim/init.lua:0"
finished sourcing nvim_exec2() called at /Users/hanifmuhammad/.config/nvim/init.lua:0
continuing in /Users/hanifmuhammad/.config/nvim/init.lua
line 0: sourcing "nvim_exec2() called at /Users/hanifmuhammad/.config/nvim/init.lua:0"
finished sourcing nvim_exec2() called at /Users/hanifmuhammad/.config/nvim/init.lua:0
continuing in /Users/hanifmuhammad/.config/nvim/init.lua
line 0: sourcing "nvim_exec2() called at /Users/hanifmuhammad/.config/nvim/init.lua:0"
finished sourcing nvim_exec2() called at /Users/hanifmuhammad/.config/nvim/init.lua:0
continuing in /Users/hanifmuhammad/.config/nvim/init.lua
line 0: sourcing "nvim_exec2() called at /Users/hanifmuhammad/.config/nvim/init.lua:0"
finished sourcing nvim_exec2() called at /Users/hanifmuhammad/.config/nvim/init.lua:0
continuing in /Users/hanifmuhammad/.config/nvim/init.lua
line 0: sourcing "nvim_exec2() called at /Users/hanifmuhammad/.config/nvim/init.lua:0"
finished sourcing nvim_exec2() called at /Users/hanifmuhammad/.config/nvim/init.lua:0
continuing in /Users/hanifmuhammad/.config/nvim/init.lua
line 0: sourcing "nvim_exec2() called at /Users/hanifmuhammad/.config/nvim/init.lua:0"
finished sourcing nvim_exec2() called at /Users/hanifmuhammad/.config/nvim/init.lua:0
continuing in /Users/hanifmuhammad/.config/nvim/init.lua
line 0: sourcing "nvim_exec2() called at /Users/hanifmuhammad/.config/nvim/init.lua:0"
finished sourcing nvim_exec2() called at /Users/hanifmuhammad/.config/nvim/init.lua:0
continuing in /Users/hanifmuhammad/.config/nvim/init.lua
line 0: sourcing "nvim_exec2() called at /Users/hanifmuhammad/.config/nvim/init.lua:0"
finished sourcing nvim_exec2() called at /Users/hanifmuhammad/.config/nvim/init.lua:0
continuing in /Users/hanifmuhammad/.config/nvim/init.lua
line 0: sourcing "nvim_exec2() called at /Users/hanifmuhammad/.config/nvim/init.lua:0"
finished sourcing nvim_exec2() called at /Users/hanifmuhammad/.config/nvim/init.lua:0
continuing in /Users/hanifmuhammad/.config/nvim/init.lua
line 0: sourcing "nvim_exec2() called at /Users/hanifmuhammad/.config/nvim/init.lua:0"
finished sourcing nvim_exec2() called at /Users/hanifmuhammad/.config/nvim/init.lua:0
continuing in /Users/hanifmuhammad/.config/nvim/init.lua
line 0: sourcing "nvim_exec2() called at /Users/hanifmuhammad/.config/nvim/init.lua:0"
finished sourcing nvim_exec2() called at /Users/hanifmuhammad/.config/nvim/init.lua:0
continuing in /Users/hanifmuhammad/.config/nvim/init.lua
line 0: sourcing "nvim_exec2() called at /Users/hanifmuhammad/.config/nvim/init.lua:0"
finished sourcing nvim_exec2() called at /Users/hanifmuhammad/.config/nvim/init.lua:0
continuing in /Users/hanifmuhammad/.config/nvim/init.lua
line 0: sourcing "nvim_exec2() called at /Users/hanifmuhammad/.config/nvim/init.lua:0"
finished sourcing nvim_exec2() called at /Users/hanifmuhammad/.config/nvim/init.lua:0
continuing in /Users/hanifmuhammad/.config/nvim/init.lua
line 0: sourcing "nvim_exec2() called at /Users/hanifmuhammad/.config/nvim/init.lua:0"
finished sourcing nvim_exec2() called at /Users/hanifmuhammad/.config/nvim/init.lua:0
continuing in /Users/hanifmuhammad/.config/nvim/init.lua
line 0: sourcing "nvim_exec2() called at /Users/hanifmuhammad/.config/nvim/init.lua:0"
finished sourcing nvim_exec2() called at /Users/hanifmuhammad/.config/nvim/init.lua:0
continuing in /Users/hanifmuhammad/.config/nvim/init.lua
line 0: sourcing "nvim_exec2() called at /Users/hanifmuhammad/.config/nvim/init.lua:0"
finished sourcing nvim_exec2() called at /Users/hanifmuhammad/.config/nvim/init.lua:0
continuing in /Users/hanifmuhammad/.config/nvim/init.lua
line 0: sourcing "nvim_exec2() called at /Users/hanifmuhammad/.config/nvim/init.lua:0"
finished sourcing nvim_exec2() called at /Users/hanifmuhammad/.config/nvim/init.lua:0
continuing in /Users/hanifmuhammad/.config/nvim/init.lua
line 0: sourcing "nvim_exec2() called at /Users/hanifmuhammad/.config/nvim/init.lua:0"
finished sourcing nvim_exec2() called at /Users/hanifmuhammad/.config/nvim/init.lua:0
continuing in /Users/hanifmuhammad/.config/nvim/init.lua
line 0: sourcing "nvim_exec2() called at /Users/hanifmuhammad/.config/nvim/init.lua:0"
finished sourcing nvim_exec2() called at /Users/hanifmuhammad/.config/nvim/init.lua:0
continuing in /Users/hanifmuhammad/.config/nvim/init.lua
line 0: sourcing "nvim_exec2() called at /Users/hanifmuhammad/.config/nvim/init.lua:0"
finished sourcing nvim_exec2() called at /Users/hanifmuhammad/.config/nvim/init.lua:0
continuing in /Users/hanifmuhammad/.config/nvim/init.lua
line 0: sourcing "nvim_exec2() called at /Users/hanifmuhammad/.config/nvim/init.lua:0"
finished sourcing nvim_exec2() called at /Users/hanifmuhammad/.config/nvim/init.lua:0
continuing in /Users/hanifmuhammad/.config/nvim/init.lua
line 0: sourcing "nvim_exec2() called at /Users/hanifmuhammad/.config/nvim/init.lua:0"
finished sourcing nvim_exec2() called at /Users/hanifmuhammad/.config/nvim/init.lua:0
continuing in /Users/hanifmuhammad/.config/nvim/init.lua
line 0: sourcing "nvim_exec2() called at /Users/hanifmuhammad/.config/nvim/init.lua:0"
--- Autocommands ---
lualine  BufEnter
    *         lua require'lualine.components.branch.git_branch'.find_git_dir()
	Last set from ~/.local/share/nvim/lazy/lualine.nvim/lua/lualine/utils/utils.lua line 98
finished sourcing nvim_exec2() called at /Users/hanifmuhammad/.config/nvim/init.lua:0
continuing in /Users/hanifmuhammad/.config/nvim/init.lua
line 0: sourcing "nvim_exec2() called at /Users/hanifmuhammad/.config/nvim/init.lua:0"
finished sourcing nvim_exec2() called at /Users/hanifmuhammad/.config/nvim/init.lua:0
continuing in /Users/hanifmuhammad/.config/nvim/init.lua
line 0: sourcing "nvim_exec2() called at /Users/hanifmuhammad/.config/nvim/init.lua:0"
--- Autocommands ---
finished sourcing nvim_exec2() called at /Users/hanifmuhammad/.config/nvim/init.lua:0
continuing in /Users/hanifmuhammad/.config/nvim/init.lua
line 0: sourcing "nvim_exec2() called at /Users/hanifmuhammad/.config/nvim/init.lua:0"
finished sourcing nvim_exec2() called at /Users/hanifmuhammad/.config/nvim/init.lua:0
continuing in /Users/hanifmuhammad/.config/nvim/init.lua
line 0: sourcing "nvim_exec2() called at /Users/hanifmuhammad/.config/nvim/init.lua:0"
finished sourcing nvim_exec2() called at /Users/hanifmuhammad/.config/nvim/init.lua:0
continuing in /Users/hanifmuhammad/.config/nvim/init.lua
line 0: sourcing "nvim_exec2() called at /Users/hanifmuhammad/.config/nvim/init.lua:0"
finished sourcing nvim_exec2() called at /Users/hanifmuhammad/.config/nvim/init.lua:0
continuing in /Users/hanifmuhammad/.config/nvim/init.lua
line 0: sourcing "nvim_exec2() called at /Users/hanifmuhammad/.config/nvim/init.lua:0"
finished sourcing nvim_exec2() called at /Users/hanifmuhammad/.config/nvim/init.lua:0
continuing in /Users/hanifmuhammad/.config/nvim/init.lua
line 0: sourcing "nvim_exec2() called at /Users/hanifmuhammad/.config/nvim/init.lua:0"
finished sourcing nvim_exec2() called at /Users/hanifmuhammad/.config/nvim/init.lua:0
continuing in /Users/hanifmuhammad/.config/nvim/init.lua
line 0: sourcing "nvim_exec2() called at /Users/hanifmuhammad/.config/nvim/init.lua:0"
finished sourcing nvim_exec2() called at /Users/hanifmuhammad/.config/nvim/init.lua:0
continuing in /Users/hanifmuhammad/.config/nvim/init.lua
line 0: sourcing "nvim_exec2() called at /Users/hanifmuhammad/.config/nvim/init.lua:0"
finished sourcing nvim_exec2() called at /Users/hanifmuhammad/.config/nvim/init.lua:0
continuing in /Users/hanifmuhammad/.config/nvim/init.lua
line 0: sourcing "nvim_exec2() called at /Users/hanifmuhammad/.config/nvim/init.lua:0"
finished sourcing nvim_exec2() called at /Users/hanifmuhammad/.config/nvim/init.lua:0
continuing in /Users/hanifmuhammad/.config/nvim/init.lua
line 0: sourcing "nvim_exec2() called at /Users/hanifmuhammad/.config/nvim/init.lua:0"
finished sourcing nvim_exec2() called at /Users/hanifmuhammad/.config/nvim/init.lua:0
continuing in /Users/hanifmuhammad/.config/nvim/init.lua
line 0: sourcing "nvim_exec2() called at /Users/hanifmuhammad/.config/nvim/init.lua:0"
finished sourcing nvim_exec2() called at /Users/hanifmuhammad/.config/nvim/init.lua:0
continuing in /Users/hanifmuhammad/.config/nvim/init.lua
line 0: sourcing "nvim_exec2() called at /Users/hanifmuhammad/.config/nvim/init.lua:0"
finished sourcing nvim_exec2() called at /Users/hanifmuhammad/.config/nvim/init.lua:0
continuing in /Users/hanifmuhammad/.config/nvim/init.lua
line 0: sourcing "nvim_exec2() called at /Users/hanifmuhammad/.config/nvim/init.lua:0"
finished sourcing nvim_exec2() called at /Users/hanifmuhammad/.config/nvim/init.lua:0
continuing in /Users/hanifmuhammad/.config/nvim/init.lua
line 0: sourcing "nvim_exec2() called at /Users/hanifmuhammad/.config/nvim/init.lua:0"
finished sourcing nvim_exec2() called at /Users/hanifmuhammad/.config/nvim/init.lua:0
continuing in /Users/hanifmuhammad/.config/nvim/init.lua
line 0: sourcing "nvim_exec2() called at /Users/hanifmuhammad/.config/nvim/init.lua:0"
finished sourcing nvim_exec2() called at /Users/hanifmuhammad/.config/nvim/init.lua:0
continuing in /Users/hanifmuhammad/.config/nvim/init.lua
line 0: sourcing "nvim_exec2() called at /Users/hanifmuhammad/.config/nvim/init.lua:0"
finished sourcing nvim_exec2() called at /Users/hanifmuhammad/.config/nvim/init.lua:0
continuing in /Users/hanifmuhammad/.config/nvim/init.lua
line 0: sourcing "nvim_exec2() called at /Users/hanifmuhammad/.config/nvim/init.lua:0"
finished sourcing nvim_exec2() called at /Users/hanifmuhammad/.config/nvim/init.lua:0
continuing in /Users/hanifmuhammad/.config/nvim/init.lua
line 0: sourcing "nvim_exec2() called at /Users/hanifmuhammad/.config/nvim/init.lua:0"
finished sourcing nvim_exec2() called at /Users/hanifmuhammad/.config/nvim/init.lua:0
continuing in /Users/hanifmuhammad/.config/nvim/init.lua
line 0: sourcing "nvim_exec2() called at /Users/hanifmuhammad/.config/nvim/init.lua:0"
finished sourcing nvim_exec2() called at /Users/hanifmuhammad/.config/nvim/init.lua:0
continuing in /Users/hanifmuhammad/.config/nvim/init.lua
line 0: sourcing "nvim_exec2() called at /Users/hanifmuhammad/.config/nvim/init.lua:0"
finished sourcing nvim_exec2() called at /Users/hanifmuhammad/.config/nvim/init.lua:0
continuing in /Users/hanifmuhammad/.config/nvim/init.lua
line 0: sourcing "nvim_exec2() called at /Users/hanifmuhammad/.config/nvim/init.lua:0"
finished sourcing nvim_exec2() called at /Users/hanifmuhammad/.config/nvim/init.lua:0
continuing in /Users/hanifmuhammad/.config/nvim/init.lua
line 0: sourcing "nvim_exec2() called at /Users/hanifmuhammad/.config/nvim/init.lua:0"
finished sourcing nvim_exec2() called at /Users/hanifmuhammad/.config/nvim/init.lua:0
continuing in /Users/hanifmuhammad/.config/nvim/init.lua
line 0: sourcing "nvim_exec2() called at /Users/hanifmuhammad/.config/nvim/init.lua:0"
finished sourcing nvim_exec2() called at /Users/hanifmuhammad/.config/nvim/init.lua:0
continuing in /Users/hanifmuhammad/.config/nvim/init.lua
line 0: sourcing "nvim_exec2() called at /Users/hanifmuhammad/.config/nvim/init.lua:0"
finished sourcing nvim_exec2() called at /Users/hanifmuhammad/.config/nvim/init.lua:0
continuing in /Users/hanifmuhammad/.config/nvim/init.lua
line 0: sourcing "nvim_exec2() called at /Users/hanifmuhammad/.config/nvim/init.lua:0"
finished sourcing nvim_exec2() called at /Users/hanifmuhammad/.config/nvim/init.lua:0
continuing in /Users/hanifmuhammad/.config/nvim/init.lua
line 0: sourcing "nvim_exec2() called at /Users/hanifmuhammad/.config/nvim/init.lua:0"
finished sourcing nvim_exec2() called at /Users/hanifmuhammad/.config/nvim/init.lua:0
continuing in /Users/hanifmuhammad/.config/nvim/init.lua
line 0: sourcing "nvim_exec2() called at /Users/hanifmuhammad/.config/nvim/init.lua:0"
finished sourcing nvim_exec2() called at /Users/hanifmuhammad/.config/nvim/init.lua:0
continuing in /Users/hanifmuhammad/.config/nvim/init.lua
line 0: sourcing "nvim_exec2() called at /Users/hanifmuhammad/.config/nvim/init.lua:0"
finished sourcing nvim_exec2() called at /Users/hanifmuhammad/.config/nvim/init.lua:0
continuing in /Users/hanifmuhammad/.config/nvim/init.lua
line 0: sourcing "nvim_exec2() called at /Users/hanifmuhammad/.config/nvim/init.lua:0"
finished sourcing nvim_exec2() called at /Users/hanifmuhammad/.config/nvim/init.lua:0
continuing in /Users/hanifmuhammad/.config/nvim/init.lua
line 0: sourcing "nvim_exec2() called at /Users/hanifmuhammad/.config/nvim/init.lua:0"
finished sourcing nvim_exec2() called at /Users/hanifmuhammad/.config/nvim/init.lua:0
continuing in /Users/hanifmuhammad/.config/nvim/init.lua
line 0: sourcing "nvim_exec2() called at /Users/hanifmuhammad/.config/nvim/init.lua:0"
line 1: sourcing "/Users/hanifmuhammad/.local/share/nvim/lazy/codecompanion.nvim/plugin/codecompanion.lua"
finished sourcing /Users/hanifmuhammad/.local/share/nvim/lazy/codecompanion.nvim/plugin/codecompanion.lua
continuing in nvim_exec2() called at /Users/hanifmuhammad/.config/nvim/init.lua:0
finished sourcing nvim_exec2() called at /Users/hanifmuhammad/.config/nvim/init.lua:0
continuing in /Users/hanifmuhammad/.config/nvim/init.lua
line 0: sourcing "nvim_exec2() called at /Users/hanifmuhammad/.config/nvim/init.lua:0"
finished sourcing nvim_exec2() called at /Users/hanifmuhammad/.config/nvim/init.lua:0
continuing in /Users/hanifmuhammad/.config/nvim/init.lua
line 0: sourcing "nvim_exec2() called at /Users/hanifmuhammad/.config/nvim/init.lua:0"
finished sourcing nvim_exec2() called at /Users/hanifmuhammad/.config/nvim/init.lua:0
continuing in /Users/hanifmuhammad/.config/nvim/init.lua
line 0: sourcing "nvim_exec2() called at /Users/hanifmuhammad/.config/nvim/init.lua:0"
finished sourcing nvim_exec2() called at /Users/hanifmuhammad/.config/nvim/init.lua:0
continuing in /Users/hanifmuhammad/.config/nvim/init.lua
line 0: sourcing "nvim_exec2() called at /Users/hanifmuhammad/.config/nvim/init.lua:0"
finished sourcing nvim_exec2() called at /Users/hanifmuhammad/.config/nvim/init.lua:0
continuing in /Users/hanifmuhammad/.config/nvim/init.lua
line 0: sourcing "nvim_exec2() called at /Users/hanifmuhammad/.config/nvim/init.lua:0"
finished sourcing nvim_exec2() called at /Users/hanifmuhammad/.config/nvim/init.lua:0
continuing in /Users/hanifmuhammad/.config/nvim/init.lua
line 0: sourcing "nvim_exec2() called at /Users/hanifmuhammad/.config/nvim/init.lua:0"
line 1: sourcing "/Users/hanifmuhammad/.local/share/nvim/lazy/vim-visual-multi/plugin/visual-multi.vim"
line 65: sourcing "/Users/hanifmuhammad/.local/share/nvim/lazy/vim-visual-multi/autoload/vm/plugs.vim"
finished sourcing /Users/hanifmuhammad/.local/share/nvim/lazy/vim-visual-multi/autoload/vm/plugs.vim
continuing in /Users/hanifmuhammad/.local/share/nvim/lazy/vim-visual-multi/plugin/visual-multi.vim
line 66: sourcing "/Users/hanifmuhammad/.local/share/nvim/lazy/vim-visual-multi/autoload/vm/maps.vim"
finished sourcing /Users/hanifmuhammad/.local/share/nvim/lazy/vim-visual-multi/autoload/vm/maps.vim
continuing in /Users/hanifmuhammad/.local/share/nvim/lazy/vim-visual-multi/plugin/visual-multi.vim
line 13: sourcing "/Users/hanifmuhammad/.local/share/nvim/lazy/vim-visual-multi/autoload/vm/maps/all.vim"
finished sourcing /Users/hanifmuhammad/.local/share/nvim/lazy/vim-visual-multi/autoload/vm/maps/all.vim
continuing in <SNR>80_build_permanent_maps
finished sourcing /Users/hanifmuhammad/.local/share/nvim/lazy/vim-visual-multi/plugin/visual-multi.vim
continuing in nvim_exec2() called at /Users/hanifmuhammad/.config/nvim/init.lua:0
finished sourcing nvim_exec2() called at /Users/hanifmuhammad/.config/nvim/init.lua:0
continuing in /Users/hanifmuhammad/.config/nvim/init.lua
line 0: sourcing "nvim_exec2() called at /Users/hanifmuhammad/.config/nvim/init.lua:0"
finished sourcing nvim_exec2() called at /Users/hanifmuhammad/.config/nvim/init.lua:0
continuing in /Users/hanifmuhammad/.config/nvim/init.lua
line 0: sourcing "nvim_exec2() called at /Users/hanifmuhammad/.config/nvim/init.lua:0"
finished sourcing nvim_exec2() called at /Users/hanifmuhammad/.config/nvim/init.lua:0
continuing in /Users/hanifmuhammad/.config/nvim/init.lua
line 0: sourcing "nvim_exec2() called at /Users/hanifmuhammad/.config/nvim/init.lua:0"
line 1: sourcing "/Users/hanifmuhammad/.local/share/nvim/lazy/vim-fugitive/plugin/fugitive.vim"
finished sourcing /Users/hanifmuhammad/.local/share/nvim/lazy/vim-fugitive/plugin/fugitive.vim
continuing in nvim_exec2() called at /Users/hanifmuhammad/.config/nvim/init.lua:0
finished sourcing nvim_exec2() called at /Users/hanifmuhammad/.config/nvim/init.lua:0
continuing in /Users/hanifmuhammad/.config/nvim/init.lua
line 0: sourcing "nvim_exec2() called at /Users/hanifmuhammad/.config/nvim/init.lua:0"
finished sourcing nvim_exec2() called at /Users/hanifmuhammad/.config/nvim/init.lua:0
continuing in /Users/hanifmuhammad/.config/nvim/init.lua
line 0: sourcing "nvim_exec2() called at /Users/hanifmuhammad/.config/nvim/init.lua:0"
line 1: sourcing "/Users/hanifmuhammad/.local/share/nvim/lazy/vim-fugitive/ftdetect/fugitive.vim"
finished sourcing /Users/hanifmuhammad/.local/share/nvim/lazy/vim-fugitive/ftdetect/fugitive.vim
continuing in nvim_exec2() called at /Users/hanifmuhammad/.config/nvim/init.lua:0
finished sourcing nvim_exec2() called at /Users/hanifmuhammad/.config/nvim/init.lua:0
continuing in /Users/hanifmuhammad/.config/nvim/init.lua
line 0: sourcing "nvim_exec2() called at /Users/hanifmuhammad/.config/nvim/init.lua:0"
finished sourcing nvim_exec2() called at /Users/hanifmuhammad/.config/nvim/init.lua:0
continuing in /Users/hanifmuhammad/.config/nvim/init.lua
line 0: sourcing "nvim_exec2() called at /Users/hanifmuhammad/.config/nvim/init.lua:0"
line 1: sourcing "/Users/hanifmuhammad/nvim-macos-arm64/share/nvim/runtime/plugin/editorconfig.lua"
finished sourcing /Users/hanifmuhammad/nvim-macos-arm64/share/nvim/runtime/plugin/editorconfig.lua
continuing in nvim_exec2() called at /Users/hanifmuhammad/.config/nvim/init.lua:0
finished sourcing nvim_exec2() called at /Users/hanifmuhammad/.config/nvim/init.lua:0
continuing in /Users/hanifmuhammad/.config/nvim/init.lua
line 0: sourcing "nvim_exec2() called at /Users/hanifmuhammad/.config/nvim/init.lua:0"
line 1: sourcing "/Users/hanifmuhammad/nvim-macos-arm64/share/nvim/runtime/plugin/gzip.vim"
finished sourcing /Users/hanifmuhammad/nvim-macos-arm64/share/nvim/runtime/plugin/gzip.vim
continuing in nvim_exec2() called at /Users/hanifmuhammad/.config/nvim/init.lua:0
finished sourcing nvim_exec2() called at /Users/hanifmuhammad/.config/nvim/init.lua:0
continuing in /Users/hanifmuhammad/.config/nvim/init.lua
line 0: sourcing "nvim_exec2() called at /Users/hanifmuhammad/.config/nvim/init.lua:0"
line 1: sourcing "/Users/hanifmuhammad/nvim-macos-arm64/share/nvim/runtime/plugin/man.lua"
finished sourcing /Users/hanifmuhammad/nvim-macos-arm64/share/nvim/runtime/plugin/man.lua
continuing in nvim_exec2() called at /Users/hanifmuhammad/.config/nvim/init.lua:0
finished sourcing nvim_exec2() called at /Users/hanifmuhammad/.config/nvim/init.lua:0
continuing in /Users/hanifmuhammad/.config/nvim/init.lua
line 0: sourcing "nvim_exec2() called at /Users/hanifmuhammad/.config/nvim/init.lua:0"
line 1: sourcing "/Users/hanifmuhammad/nvim-macos-arm64/share/nvim/runtime/plugin/matchit.vim"
not found in 'packpath': "pack/*/start/matchit"
line 3: sourcing "/Users/hanifmuhammad/nvim-macos-arm64/share/nvim/runtime/pack/dist/opt/matchit/plugin/matchit.vim"
finished sourcing /Users/hanifmuhammad/nvim-macos-arm64/share/nvim/runtime/pack/dist/opt/matchit/plugin/matchit.vim
continuing in /Users/hanifmuhammad/nvim-macos-arm64/share/nvim/runtime/plugin/matchit.vim
finished sourcing /Users/hanifmuhammad/nvim-macos-arm64/share/nvim/runtime/plugin/matchit.vim
continuing in nvim_exec2() called at /Users/hanifmuhammad/.config/nvim/init.lua:0
finished sourcing nvim_exec2() called at /Users/hanifmuhammad/.config/nvim/init.lua:0
continuing in /Users/hanifmuhammad/.config/nvim/init.lua
line 0: sourcing "nvim_exec2() called at /Users/hanifmuhammad/.config/nvim/init.lua:0"
line 1: sourcing "/Users/hanifmuhammad/nvim-macos-arm64/share/nvim/runtime/plugin/matchparen.vim"
finished sourcing /Users/hanifmuhammad/nvim-macos-arm64/share/nvim/runtime/plugin/matchparen.vim
continuing in nvim_exec2() called at /Users/hanifmuhammad/.config/nvim/init.lua:0
finished sourcing nvim_exec2() called at /Users/hanifmuhammad/.config/nvim/init.lua:0
continuing in /Users/hanifmuhammad/.config/nvim/init.lua
line 0: sourcing "nvim_exec2() called at /Users/hanifmuhammad/.config/nvim/init.lua:0"
line 1: sourcing "/Users/hanifmuhammad/nvim-macos-arm64/share/nvim/runtime/plugin/netrwPlugin.vim"
finished sourcing /Users/hanifmuhammad/nvim-macos-arm64/share/nvim/runtime/plugin/netrwPlugin.vim
continuing in nvim_exec2() called at /Users/hanifmuhammad/.config/nvim/init.lua:0
finished sourcing nvim_exec2() called at /Users/hanifmuhammad/.config/nvim/init.lua:0
continuing in /Users/hanifmuhammad/.config/nvim/init.lua
line 0: sourcing "nvim_exec2() called at /Users/hanifmuhammad/.config/nvim/init.lua:0"
line 1: sourcing "/Users/hanifmuhammad/nvim-macos-arm64/share/nvim/runtime/plugin/osc52.lua"
finished sourcing /Users/hanifmuhammad/nvim-macos-arm64/share/nvim/runtime/plugin/osc52.lua
continuing in nvim_exec2() called at /Users/hanifmuhammad/.config/nvim/init.lua:0
finished sourcing nvim_exec2() called at /Users/hanifmuhammad/.config/nvim/init.lua:0
continuing in /Users/hanifmuhammad/.config/nvim/init.lua
line 0: sourcing "nvim_exec2() called at /Users/hanifmuhammad/.config/nvim/init.lua:0"
line 1: sourcing "/Users/hanifmuhammad/nvim-macos-arm64/share/nvim/runtime/plugin/rplugin.vim"
finished sourcing /Users/hanifmuhammad/nvim-macos-arm64/share/nvim/runtime/plugin/rplugin.vim
continuing in nvim_exec2() called at /Users/hanifmuhammad/.config/nvim/init.lua:0
finished sourcing nvim_exec2() called at /Users/hanifmuhammad/.config/nvim/init.lua:0
continuing in /Users/hanifmuhammad/.config/nvim/init.lua
line 0: sourcing "nvim_exec2() called at /Users/hanifmuhammad/.config/nvim/init.lua:0"
line 1: sourcing "/Users/hanifmuhammad/nvim-macos-arm64/share/nvim/runtime/plugin/shada.vim"
finished sourcing /Users/hanifmuhammad/nvim-macos-arm64/share/nvim/runtime/plugin/shada.vim
continuing in nvim_exec2() called at /Users/hanifmuhammad/.config/nvim/init.lua:0
finished sourcing nvim_exec2() called at /Users/hanifmuhammad/.config/nvim/init.lua:0
continuing in /Users/hanifmuhammad/.config/nvim/init.lua
line 0: sourcing "nvim_exec2() called at /Users/hanifmuhammad/.config/nvim/init.lua:0"
line 1: sourcing "/Users/hanifmuhammad/nvim-macos-arm64/share/nvim/runtime/plugin/spellfile.vim"
finished sourcing /Users/hanifmuhammad/nvim-macos-arm64/share/nvim/runtime/plugin/spellfile.vim
continuing in nvim_exec2() called at /Users/hanifmuhammad/.config/nvim/init.lua:0
finished sourcing nvim_exec2() called at /Users/hanifmuhammad/.config/nvim/init.lua:0
continuing in /Users/hanifmuhammad/.config/nvim/init.lua
line 0: sourcing "nvim_exec2() called at /Users/hanifmuhammad/.config/nvim/init.lua:0"
line 1: sourcing "/Users/hanifmuhammad/nvim-macos-arm64/share/nvim/runtime/plugin/tarPlugin.vim"
finished sourcing /Users/hanifmuhammad/nvim-macos-arm64/share/nvim/runtime/plugin/tarPlugin.vim
continuing in nvim_exec2() called at /Users/hanifmuhammad/.config/nvim/init.lua:0
finished sourcing nvim_exec2() called at /Users/hanifmuhammad/.config/nvim/init.lua:0
continuing in /Users/hanifmuhammad/.config/nvim/init.lua
line 0: sourcing "nvim_exec2() called at /Users/hanifmuhammad/.config/nvim/init.lua:0"
line 1: sourcing "/Users/hanifmuhammad/nvim-macos-arm64/share/nvim/runtime/plugin/tohtml.lua"
finished sourcing /Users/hanifmuhammad/nvim-macos-arm64/share/nvim/runtime/plugin/tohtml.lua
continuing in nvim_exec2() called at /Users/hanifmuhammad/.config/nvim/init.lua:0
finished sourcing nvim_exec2() called at /Users/hanifmuhammad/.config/nvim/init.lua:0
continuing in /Users/hanifmuhammad/.config/nvim/init.lua
line 0: sourcing "nvim_exec2() called at /Users/hanifmuhammad/.config/nvim/init.lua:0"
line 1: sourcing "/Users/hanifmuhammad/nvim-macos-arm64/share/nvim/runtime/plugin/tutor.vim"
finished sourcing /Users/hanifmuhammad/nvim-macos-arm64/share/nvim/runtime/plugin/tutor.vim
continuing in nvim_exec2() called at /Users/hanifmuhammad/.config/nvim/init.lua:0
finished sourcing nvim_exec2() called at /Users/hanifmuhammad/.config/nvim/init.lua:0
continuing in /Users/hanifmuhammad/.config/nvim/init.lua
line 0: sourcing "nvim_exec2() called at /Users/hanifmuhammad/.config/nvim/init.lua:0"
line 1: sourcing "/Users/hanifmuhammad/nvim-macos-arm64/share/nvim/runtime/plugin/zipPlugin.vim"
finished sourcing /Users/hanifmuhammad/nvim-macos-arm64/share/nvim/runtime/plugin/zipPlugin.vim
continuing in nvim_exec2() called at /Users/hanifmuhammad/.config/nvim/init.lua:0
finished sourcing nvim_exec2() called at /Users/hanifmuhammad/.config/nvim/init.lua:0
continuing in /Users/hanifmuhammad/.config/nvim/init.lua
line 0: sourcing "nvim_exec2() called at /Users/hanifmuhammad/.config/nvim/init.lua:0"
line 1: sourcing "/Users/hanifmuhammad/.local/share/nvim/lazy/cmp_luasnip/after/plugin/cmp_luasnip.lua"
finished sourcing /Users/hanifmuhammad/.local/share/nvim/lazy/cmp_luasnip/after/plugin/cmp_luasnip.lua
continuing in nvim_exec2() called at /Users/hanifmuhammad/.config/nvim/init.lua:0
finished sourcing nvim_exec2() called at /Users/hanifmuhammad/.config/nvim/init.lua:0
continuing in /Users/hanifmuhammad/.config/nvim/init.lua
line 0: sourcing "nvim_exec2() called at /Users/hanifmuhammad/.config/nvim/init.lua:0"
line 1: sourcing "/Users/hanifmuhammad/.local/share/nvim/lazy/cmp-cmdline/after/plugin/cmp_cmdline.lua"
finished sourcing /Users/hanifmuhammad/.local/share/nvim/lazy/cmp-cmdline/after/plugin/cmp_cmdline.lua
continuing in nvim_exec2() called at /Users/hanifmuhammad/.config/nvim/init.lua:0
finished sourcing nvim_exec2() called at /Users/hanifmuhammad/.config/nvim/init.lua:0
continuing in /Users/hanifmuhammad/.config/nvim/init.lua
line 0: sourcing "nvim_exec2() called at /Users/hanifmuhammad/.config/nvim/init.lua:0"
line 1: sourcing "/Users/hanifmuhammad/.local/share/nvim/lazy/cmp-path/after/plugin/cmp_path.lua"
finished sourcing /Users/hanifmuhammad/.local/share/nvim/lazy/cmp-path/after/plugin/cmp_path.lua
continuing in nvim_exec2() called at /Users/hanifmuhammad/.config/nvim/init.lua:0
finished sourcing nvim_exec2() called at /Users/hanifmuhammad/.config/nvim/init.lua:0
continuing in /Users/hanifmuhammad/.config/nvim/init.lua
line 0: sourcing "nvim_exec2() called at /Users/hanifmuhammad/.config/nvim/init.lua:0"
line 1: sourcing "/Users/hanifmuhammad/.local/share/nvim/lazy/cmp-buffer/after/plugin/cmp_buffer.lua"
finished sourcing /Users/hanifmuhammad/.local/share/nvim/lazy/cmp-buffer/after/plugin/cmp_buffer.lua
continuing in nvim_exec2() called at /Users/hanifmuhammad/.config/nvim/init.lua:0
finished sourcing nvim_exec2() called at /Users/hanifmuhammad/.config/nvim/init.lua:0
continuing in /Users/hanifmuhammad/.config/nvim/init.lua
line 0: sourcing "nvim_exec2() called at /Users/hanifmuhammad/.config/nvim/init.lua:0"
line 1: sourcing "/Users/hanifmuhammad/.local/share/nvim/lazy/cmp-nvim-lsp/after/plugin/cmp_nvim_lsp.lua"
finished sourcing /Users/hanifmuhammad/.local/share/nvim/lazy/cmp-nvim-lsp/after/plugin/cmp_nvim_lsp.lua
continuing in nvim_exec2() called at /Users/hanifmuhammad/.config/nvim/init.lua:0
finished sourcing nvim_exec2() called at /Users/hanifmuhammad/.config/nvim/init.lua:0
continuing in /Users/hanifmuhammad/.config/nvim/init.lua
finished sourcing /Users/hanifmuhammad/.config/nvim/init.lua
sourcing "/Users/hanifmuhammad/nvim-macos-arm64/share/nvim/runtime/filetype.lua"
finished sourcing /Users/hanifmuhammad/nvim-macos-arm64/share/nvim/runtime/filetype.lua
sourcing "/Users/hanifmuhammad/nvim-macos-arm64/share/nvim/runtime/syntax/syntax.vim"
line 20: sourcing "/Users/hanifmuhammad/nvim-macos-arm64/share/nvim/runtime/syntax/synload.vim"
finished sourcing /Users/hanifmuhammad/nvim-macos-arm64/share/nvim/runtime/syntax/synload.vim
continuing in /Users/hanifmuhammad/nvim-macos-arm64/share/nvim/runtime/syntax/syntax.vim
finished sourcing /Users/hanifmuhammad/nvim-macos-arm64/share/nvim/runtime/syntax/syntax.vim
Reading ShaDa file "/Users/hanifmuhammad/.local/state/nvim/shada/main.shada" info marks oldfiles
sourcing "nvim_exec2()"
finished sourcing nvim_exec2()
sourcing "nvim_exec2()"
finished sourcing nvim_exec2()
line 0: sourcing "nvim_exec2() called at User Autocommands for "VeryLazy":0"
finished sourcing nvim_exec2() called at User Autocommands for "VeryLazy":0
continuing in User Autocommands for "VeryLazy"
line 0: sourcing "nvim_exec2() called at User Autocommands for "VeryLazy":0"
finished sourcing nvim_exec2() called at User Autocommands for "VeryLazy":0
continuing in User Autocommands for "VeryLazy"


--- Terminal info --- {{{
&term: tmux-256color
Description: tmux with 256 colors
Aliases: tmux-256color
Boolean capabilities:
  auto_left_margin          bw         = false
  auto_right_margin         am         = true
  no_esc_ctlc               xsb        = false
  ceol_standout_glitch      xhp        = false
  eat_newline_glitch        xenl       = true
  erase_overstrike          eo         = false
  generic_type              gn         = false
  hard_copy                 hc         = false
  has_meta_key              km         = true
  has_status_line           hs         = true
  insert_null_glitch        in         = false
  memory_above              da         = false
  memory_below              db         = false
  move_insert_mode          mir        = true
  move_standout_mode        msgr       = true
  over_strike               os         = false
  status_line_esc_ok        eslok      = false
  dest_tabs_magic_smso      xt         = false
  tilde_glitch              hz         = false
  transparent_underline     ul         = false
  xon_xoff                  xon        = false
  needs_xon_xoff            nxon       = false
  prtr_silent               mc5i       = false
  hard_cursor               chts       = false
  non_rev_rmcup             nrrmc      = false
  no_pad_char               npc        = false
  non_dest_scroll_region    ndscr      = false
  can_change                ccc        = false
  back_color_erase          bce        = false
  hue_lightness_saturation  hls        = false
  col_addr_glitch           xhpa       = false
  cr_cancels_micro_mode     crxm       = false
  has_print_wheel           daisy      = false
  row_addr_glitch           xvpa       = false
  semi_auto_right_margin    sam        = false
  cpi_changes_res           cpix       = false
  lpi_changes_res           lpix       = false
  backspaces_with_bs        OTbs       = true
  crt_no_scrolling          OTns       = false
  no_correctly_working_cr   OTnc       = false
  gnu_has_meta_key          OTMT       = false
  linefeed_is_newline       OTNL       = false
  has_hardware_tabs         OTpt       = true
  return_does_clr_eol       OTxr       = false
Numeric capabilities:
  columns                   cols       = 80
  init_tabs                 it         = 8
  lines                     lines      = 24
  lines_of_memory           lm         = -1
  magic_cookie_glitch       xmc        = -1
  padding_baud_rate         pb         = -1
  virtual_terminal          vt         = -1
  width_status_line         wsl        = -1
  num_labels                nlab       = -1
  label_height              lh         = -1
  label_width               lw         = -1
  max_attributes            ma         = -1
  maximum_windows           wnum       = -1
  max_colors                colors     = 256
  max_pairs                 pairs      = 32767
  no_color_video            ncv        = -1
  buffer_capacity           bufsz      = -1
  dot_vert_spacing          spinv      = -1
  dot_horz_spacing          spinh      = -1
  max_micro_address         maddr      = -1
  max_micro_jump            mjump      = -1
  micro_col_size            mcs        = -1
  micro_line_size           mls        = -1
  number_of_pins            npins      = -1
  output_res_char           orc        = -1
  output_res_line           orl        = -1
  output_res_horz_inch      orhi       = -1
  output_res_vert_inch      orvi       = -1
  print_rate                cps        = -1
  wide_char_size            widcs      = -1
  buttons                   btns       = -1
  bit_image_entwining       bitwin     = -1
  bit_image_type            bitype     = -1
  magic_cookie_glitch_ul    OTug       = -1
  carriage_return_delay     OTdC       = -1
  new_line_delay            OTdN       = -1
  backspace_delay           OTdB       = -1
  horizontal_tab_delay      OTdT       = -1
  number_of_function_keys   OTkn       = -1
String capabilities:
  back_tab                  cbt        = ^[[Z
  bell                      bel        = ^G
  carriage_return           cr         = ^M
  change_scroll_region      csr        = ^[[%i%p1%d;%p2%dr
  clear_all_tabs            tbc        = ^[[3g
  clear_screen              clear      = ^[[H^[[J
  clr_eol                   el         = ^[[K
  clr_eos                   ed         = ^[[J
  cursor_address            cup        = ^[[%i%p1%d;%p2%dH
  cursor_down               cud1       = ^@
  cursor_home               home       = ^[[H
  cursor_invisible          civis      = ^[[?25l
  cursor_left               cub1       = ^H
  cursor_normal             cnorm      = ^[[34h^[[?25h
  cursor_right              cuf1       = ^[[C
  cursor_up                 cuu1       = ^[M
  cursor_visible            cvvis      = ^[[34l
  delete_character          dch1       = ^[[P
  delete_line               dl1        = ^[[M
  dis_status_line           dsl        = ^[]0;^G
  enter_alt_charset_mode    smacs      = ^N
  enter_blink_mode          blink      = ^[[5m
  enter_bold_mode           bold       = ^[[1m
  enter_ca_mode             smcup      = ^[[?1049h
  enter_dim_mode            dim        = ^[[2m
  enter_insert_mode         smir       = ^[[4h
  enter_reverse_mode        rev        = ^[[7m
  enter_standout_mode       smso       = ^[[7m
  enter_underline_mode      smul       = ^[[4m
  exit_alt_charset_mode     rmacs      = ^O
  exit_attribute_mode       sgr0       = ^[[m^O
  exit_ca_mode              rmcup      = ^[[?1049l
  exit_insert_mode          rmir       = ^[[4l
  exit_standout_mode        rmso       = ^[[27m
  exit_underline_mode       rmul       = ^[[24m
  flash_screen              flash      = ^[g
  from_status_line          fsl        = ^G
  init_2string              is2        = ^[)0
  insert_line               il1        = ^[[L
  key_backspace             kbs        = ^H
  key_dc                    kdch1      = ^[[3~
  key_down                  kcud1      = ^[OB
  key_f1                    kf1        = ^[OP
  key_f10                   kf10       = ^[[21~
  key_f2                    kf2        = ^[OQ
  key_f3                    kf3        = ^[OR
  key_f4                    kf4        = ^[OS
  key_f5                    kf5        = ^[[15~
  key_f6                    kf6        = ^[[17~
  key_f7                    kf7        = ^[[18~
  key_f8                    kf8        = ^[[19~
  key_f9                    kf9        = ^[[20~
  key_home                  khome      = ^[[1~
  key_ic                    kich1      = ^[[2~
  key_left                  kcub1      = ^[OD
  key_npage                 knp        = ^[[6~
  key_ppage                 kpp        = ^[[5~
  key_right                 kcuf1      = ^[OC
  key_up                    kcuu1      = ^[OA
  keypad_local              rmkx       = ^[[?1l^[>
  keypad_xmit               smkx       = ^[[?1h^[=
  newline                   nel        = ^[E
  parm_dch                  dch        = ^[[%p1%dP
  parm_delete_line          dl         = ^[[%p1%dM
  parm_down_cursor          cud        = ^[[%p1%dB
  parm_ich                  ich        = ^[[%p1%d@
  parm_insert_line          il         = ^[[%p1%dL
  parm_left_cursor          cub        = ^[[%p1%dD
  parm_right_cursor         cuf        = ^[[%p1%dC
  parm_up_cursor            cuu        = ^[[%p1%dA
  reset_2string             rs2        = ^[c^[[?1000l^[[?25h
  restore_cursor            rc         = ^[8
  save_cursor               sc         = ^[7
  scroll_forward            ind        = ^@
  scroll_reverse            ri         = ^[M
  set_attributes            sgr        = ^[[0%?%p6%t;1%;%?%p1%t;3%;%?%p2%t;4%;%?%p3%t;7%;%?%p4%t;5%;%?%p5%t;2%;m%?%p9%t^N%e^O%;
  set_tab                   hts        = ^[H
  tab                       ht         = 	
  to_status_line            tsl        = ^[]0;
  acs_chars                 acsc       = ++,,--..00``aaffgghhiijjkkllmmnnooppqqrrssttuuvvwwxxyyzz{{||}}~~
  key_btab                  kcbt       = ^[[Z
  ena_acs                   enacs      = ^[(B^[)0
  key_end                   kend       = ^[[4~
  key_f11                   kf11       = ^[[23~
  key_f12                   kf12       = ^[[24~
  clr_bol                   el1        = ^[[1K
  orig_pair                 op         = ^[[39;49m
  enter_italics_mode        sitm       = ^[[3m
  exit_italics_mode         ritm       = ^[[23m
  key_mouse                 kmous      = ^[[M
  set_a_foreground          setaf      = ^[[%?%p1%{8}%<%t3%p1%d%e%p1%{16}%<%t9%p1%{8}%-%d%e38;5;%p1%d%;m
  set_a_background          setab      = ^[[%?%p1%{8}%<%t4%p1%d%e%p1%{16}%<%t10%p1%{8}%-%d%e48;5;%p1%d%;m
Extended boolean capabilities:
  AX                        = true
  G0                        = true
  XT                        = false
Extended numeric capabilities:
  U8                        = 1
Extended string capabilities:
  Cr                        = ^[]112^G
  Cs                        = ^[]12;%p1%s^G
  E0                        = ^[(B
  Ms                        = 
  S0                        = ^[(%p1%c
  Se                        = ^[[2 q
  Ss                        = ^[[%p1%d q
  TS                        = ^[]0;
  kDC3                      = 
  kDC4                      = 
  kDC5                      = 
  kDC6                      = 
  kDC7                      = 
  kDN                       = 
  kDN3                      = 
  kDN4                      = 
  kDN5                      = 
  kDN6                      = 
  kDN7                      = 
  kEND5                     = 
  kHOM5                     = 
  kLFT3                     = 
  kLFT4                     = 
  kLFT5                     = 
  kLFT6                     = 
  kLFT7                     = 
  kRIT3                     = 
  kRIT4                     = 
  kRIT5                     = 
  kRIT6                     = 
  kRIT7                     = 
  kUP                       = 
  ka2                       = 
  kb1                       = 
  kb3                       = 
  kc2                       = 
  ext.enter_altfont_mode    = ^[[11m
  setrgbf                   = ^[[38;2;%p1%d;%p2%d;%p3%dm
  setrgbb                   = ^[[48;2;%p1%d;%p2%d;%p3%dm
  ext.save_title            = ^[[22;0t
  ext.restore_title         = ^[[23;0t
  ext.set_title             = ^[]0;%p2%s^G
  ext.enable_lr_margin      = ^[[?69h
  ext.disable_lr_margin     = ^[[?69l
  ext.enable_bpaste         = ^[[?2004h
  ext.disable_bpaste        = ^[[?2004l
  ext.enable_focus          = ^[[?1004h
  ext.disable_focus         = ^[[?1004l
  ext.enable_mouse          = ^[[?1002h^[[?1006h
  ext.disable_mouse         = ^[[?1002l^[[?1006l
  ext.enable_mouse_move     = ^[[?1003h
  ext.disable_mouse_move    = ^[[?1003l
}}}

sourcing "nvim_exec2()"
finished sourcing nvim_exec2()
sourcing "nvim_exec2()"
finished sourcing nvim_exec2()
sourcing "nvim_exec2()"
finished sourcing nvim_exec2()
sourcing "nvim_exec2()"
finished sourcing nvim_exec2()
sourcing "nvim_exec2()"
finished sourcing nvim_exec2()
sourcing "nvim_exec2()"
finished sourcing nvim_exec2()
sourcing "nvim_exec2()"
finished sourcing nvim_exec2()
sourcing "nvim_exec2()"
finished sourcing nvim_exec2()
sourcing "nvim_exec2()"
finished sourcing nvim_exec2()
line 20: sourcing "/Users/hanifmuhammad/.local/share/nvim/lazy/telescope.nvim/ftplugin/TelescopePrompt.lua"
finished sourcing /Users/hanifmuhammad/.local/share/nvim/lazy/telescope.nvim/ftplugin/TelescopePrompt.lua
continuing in <SNR>2_LoadFTPlugin
not found in runtime path: "indent/TelescopePrompt[.]{vim,lua}"
not found in runtime path: "parser/TelescopePrompt.*"
line 20: sourcing "/Users/hanifmuhammad/.local/share/nvim/lazy/telescope.nvim/ftplugin/TelescopeResults.lua"
finished sourcing /Users/hanifmuhammad/.local/share/nvim/lazy/telescope.nvim/ftplugin/TelescopeResults.lua
continuing in <SNR>2_LoadFTPlugin
not found in runtime path: "indent/TelescopeResults[.]{vim,lua}"
not found in runtime path: "parser/TelescopeResults.*"
-- INSERT ---- INSERT --
sourcing "nvim_exec2()"
finished sourcing nvim_exec2()-- INSERT ---- INSERT --
sourcing "nvim_exec2()"
finished sourcing nvim_exec2()-- INSERT --
not found in runtime path: "parser/comment.*"-- INSERT ---- INSERT ---- INSERT ---- INSERT ---- INSERT --
sourcing "nvim_exec2()"
line 0: sourcing "nvim_exec2() called at BufReadPre Autocommands for "*":0"
finished sourcing nvim_exec2() called at BufReadPre Autocommands for "*":0
continuing in BufReadPre Autocommands for "*"
line 0: sourcing "nvim_exec2() called at BufReadPre Autocommands for "*":0"
finished sourcing nvim_exec2() called at BufReadPre Autocommands for "*":0
continuing in BufReadPre Autocommands for "*"
line 0: sourcing "nvim_exec2() called at BufReadPre Autocommands for "*":0"
line 1: sourcing "/Users/hanifmuhammad/.local/share/nvim/lazy/nvim-ts-autotag/plugin/nvim-ts-autotag.lua"
finished sourcing /Users/hanifmuhammad/.local/share/nvim/lazy/nvim-ts-autotag/plugin/nvim-ts-autotag.lua
continuing in nvim_exec2() called at BufReadPre Autocommands for "*":0
finished sourcing nvim_exec2() called at BufReadPre Autocommands for "*":0
continuing in BufReadPre Autocommands for "*"
line 0: sourcing "nvim_exec2() called at BufReadPre Autocommands for "*":0"
finished sourcing nvim_exec2() called at BufReadPre Autocommands for "*":0
continuing in BufReadPre Autocommands for "*"
line 0: sourcing "nvim_exec2() called at BufReadPre Autocommands for "*":0"
finished sourcing nvim_exec2() called at BufReadPre Autocommands for "*":0
continuing in BufReadPre Autocommands for "*"
line 0: sourcing "nvim_exec2() called at BufReadPre Autocommands for "*":0"
line 1: sourcing "/Users/hanifmuhammad/.local/share/nvim/lazy/nvim-ts-context-commentstring/plugin/ts_context_commentstring.lua"
finished sourcing /Users/hanifmuhammad/.local/share/nvim/lazy/nvim-ts-context-commentstring/plugin/ts_context_commentstring.lua
continuing in nvim_exec2() called at BufReadPre Autocommands for "*":0
finished sourcing nvim_exec2() called at BufReadPre Autocommands for "*":0
continuing in BufReadPre Autocommands for "*"
line 0: sourcing "nvim_exec2() called at BufReadPre Autocommands for "*":0"
finished sourcing nvim_exec2() called at BufReadPre Autocommands for "*":0
continuing in BufReadPre Autocommands for "*"
line 0: sourcing "nvim_exec2() called at BufReadPre Autocommands for "*":0"
finished sourcing nvim_exec2() called at BufReadPre Autocommands for "*":0
continuing in BufReadPre Autocommands for "*"
line 0: sourcing "nvim_exec2() called at BufReadPre Autocommands for "*":0"
line 1: sourcing "/Users/hanifmuhammad/.local/share/nvim/lazy/Comment.nvim/plugin/Comment.lua"
finished sourcing /Users/hanifmuhammad/.local/share/nvim/lazy/Comment.nvim/plugin/Comment.lua
continuing in nvim_exec2() called at BufReadPre Autocommands for "*":0
finished sourcing nvim_exec2() called at BufReadPre Autocommands for "*":0
continuing in BufReadPre Autocommands for "*"
line 0: sourcing "nvim_exec2() called at BufReadPre Autocommands for "*":0"
finished sourcing nvim_exec2() called at BufReadPre Autocommands for "*":0
continuing in BufReadPre Autocommands for "*"
line 0: sourcing "nvim_exec2() called at BufReadPre Autocommands for "*":0"
finished sourcing nvim_exec2() called at BufReadPre Autocommands for "*":0
continuing in BufReadPre Autocommands for "*"
line 0: sourcing "nvim_exec2() called at BufReadPre Autocommands for "*":0"
line 1: sourcing "/Users/hanifmuhammad/.local/share/nvim/lazy/conform.nvim/plugin/conform.lua"
finished sourcing /Users/hanifmuhammad/.local/share/nvim/lazy/conform.nvim/plugin/conform.lua
continuing in nvim_exec2() called at BufReadPre Autocommands for "*":0
finished sourcing nvim_exec2() called at BufReadPre Autocommands for "*":0
continuing in BufReadPre Autocommands for "*"
line 0: sourcing "nvim_exec2() called at BufReadPre Autocommands for "*":0"
finished sourcing nvim_exec2() called at BufReadPre Autocommands for "*":0
continuing in BufReadPre Autocommands for "*"
line 0: sourcing "nvim_exec2() called at BufReadPre Autocommands for "*":0"
finished sourcing nvim_exec2() called at BufReadPre Autocommands for "*":0
continuing in BufReadPre Autocommands for "*"
line 0: sourcing "nvim_exec2() called at BufReadPre Autocommands for "*":0"
finished sourcing nvim_exec2() called at BufReadPre Autocommands for "*":0
continuing in BufReadPre Autocommands for "*"
line 0: sourcing "nvim_exec2() called at BufReadPre Autocommands for "*":0"
finished sourcing nvim_exec2() called at BufReadPre Autocommands for "*":0
continuing in BufReadPre Autocommands for "*"
Reading ShaDa file "/Users/hanifmuhammad/.local/state/nvim/shada/main.shada" marks
Reading undo file: /Users/hanifmuhammad/.vim/undodir/%Users%hanifmuhammad%.config%nvim%lua%hanipcode%plugins%minuet.lua
line 20: sourcing "/Users/hanifmuhammad/nvim-macos-arm64/share/nvim/runtime/ftplugin/lua.vim"
finished sourcing /Users/hanifmuhammad/nvim-macos-arm64/share/nvim/runtime/ftplugin/lua.vim
continuing in <SNR>2_LoadFTPlugin
line 20: sourcing "/Users/hanifmuhammad/nvim-macos-arm64/share/nvim/runtime/ftplugin/lua.lua"
finished sourcing /Users/hanifmuhammad/nvim-macos-arm64/share/nvim/runtime/ftplugin/lua.lua
continuing in <SNR>2_LoadFTPlugin
line 15: sourcing "/Users/hanifmuhammad/nvim-macos-arm64/share/nvim/runtime/indent/lua.vim"
finished sourcing /Users/hanifmuhammad/nvim-macos-arm64/share/nvim/runtime/indent/lua.vim
continuing in <SNR>3_LoadIndent
line 20: sourcing "/Users/hanifmuhammad/nvim-macos-arm64/share/nvim/runtime/ftplugin/lua.vim"
finished sourcing /Users/hanifmuhammad/nvim-macos-arm64/share/nvim/runtime/ftplugin/lua.vim
continuing in <SNR>2_LoadFTPlugin
line 20: sourcing "/Users/hanifmuhammad/nvim-macos-arm64/share/nvim/runtime/ftplugin/lua.lua"
finished sourcing /Users/hanifmuhammad/nvim-macos-arm64/share/nvim/runtime/ftplugin/lua.lua
continuing in <SNR>2_LoadFTPlugin
line 15: sourcing "/Users/hanifmuhammad/nvim-macos-arm64/share/nvim/runtime/indent/lua.vim"
finished sourcing /Users/hanifmuhammad/nvim-macos-arm64/share/nvim/runtime/indent/lua.vim
continuing in <SNR>3_LoadIndent
not found in runtime path: "parser/comment.*"
line 0: sourcing "/Users/hanifmuhammad/.local/share/nvim/lazy/undotree/autoload/undotree.vim"
finished sourcing /Users/hanifmuhammad/.local/share/nvim/lazy/undotree/autoload/undotree.vim
continuing in BufReadPost Autocommands for "*"
finished sourcing nvim_exec2()

sourcing "nvim_exec2()"
finished sourcing nvim_exec2()
sourcing "nvim_exec2()"
finished sourcing nvim_exec2()
sourcing "nvim_exec2()"
finished sourcing nvim_exec2()
sourcing "nvim_exec2()"
finished sourcing nvim_exec2()
sourcing "nvim_exec2()"
finished sourcing nvim_exec2()
sourcing "nvim_exec2()"
finished sourcing nvim_exec2()
sourcing "nvim_exec2()"
finished sourcing nvim_exec2()
client.notify is deprecated. Run ":checkhealth vim.deprecated" for more information
not found in runtime path: "ftplugin/fidget[.]{vim,lua} ftplugin/fidget_*.{vim,lua} ftplugin/fidget/*.{vim,lua}"
not found in runtime path: "indent/fidget[.]{vim,lua}"
not found in runtime path: "parser/fidget.*"
not found in runtime path: "parser/fidget.*"
sourcing "nvim_exec2()"
finished sourcing nvim_exec2()
sourcing "nvim_exec2()"
finished sourcing nvim_exec2()
sourcing "nvim_exec2()"
finished sourcing nvim_exec2()
sourcing "nvim_exec2()"
finished sourcing nvim_exec2()
sourcing "nvim_exec2()"
finished sourcing nvim_exec2()
sourcing "nvim_exec2()"
finished sourcing nvim_exec2()
sourcing "nvim_exec2()"
finished sourcing nvim_exec2()
sourcing "nvim_exec2()"
finished sourcing nvim_exec2()
sourcing "nvim_exec2()"
finished sourcing nvim_exec2()
sourcing "nvim_exec2()"
finished sourcing nvim_exec2()
sourcing "nvim_exec2()"
finished sourcing nvim_exec2()
sourcing "nvim_exec2()"
finished sourcing nvim_exec2()
sourcing "nvim_exec2()"
finished sourcing nvim_exec2()
sourcing "nvim_exec2()"
finished sourcing nvim_exec2()
sourcing "nvim_exec2()"
finished sourcing nvim_exec2()
sourcing "nvim_exec2()"
finished sourcing nvim_exec2()
sourcing "nvim_exec2()"
finished sourcing nvim_exec2()
sourcing "nvim_exec2()"
finished sourcing nvim_exec2()
sourcing "nvim_exec2()"
finished sourcing nvim_exec2()
sourcing "nvim_exec2()"
finished sourcing nvim_exec2()
sourcing "nvim_exec2()"
finished sourcing nvim_exec2()
sourcing "nvim_exec2()"
finished sourcing nvim_exec2()
sourcing "nvim_exec2()"
finished sourcing nvim_exec2()
sourcing "nvim_exec2()"
finished sourcing nvim_exec2()
sourcing "nvim_exec2()"
finished sourcing nvim_exec2()
sourcing "nvim_exec2()"
finished sourcing nvim_exec2()
sourcing "nvim_exec2()"
finished sourcing nvim_exec2()
sourcing "nvim_exec2()"
finished sourcing nvim_exec2()
sourcing "nvim_exec2()"
finished sourcing nvim_exec2()
sourcing "nvim_exec2()"
finished sourcing nvim_exec2()
sourcing "nvim_exec2()"
finished sourcing nvim_exec2()
sourcing "nvim_exec2()"
finished sourcing nvim_exec2()
sourcing "nvim_exec2()"
finished sourcing nvim_exec2()
sourcing "nvim_exec2()"
finished sourcing nvim_exec2()
sourcing "nvim_exec2()"
finished sourcing nvim_exec2()
sourcing "nvim_exec2()"
finished sourcing nvim_exec2()
sourcing "nvim_exec2()"
finished sourcing nvim_exec2()
sourcing "nvim_exec2()"
finished sourcing nvim_exec2()
sourcing "nvim_exec2()"
finished sourcing nvim_exec2()
sourcing "nvim_exec2()"
finished sourcing nvim_exec2()
sourcing "nvim_exec2()"
finished sourcing nvim_exec2()
sourcing "nvim_exec2()"
finished sourcing nvim_exec2()
sourcing "nvim_exec2()"
finished sourcing nvim_exec2()
sourcing "nvim_exec2()"
finished sourcing nvim_exec2()
sourcing "nvim_exec2()"
finished sourcing nvim_exec2()
sourcing "nvim_exec2()"
finished sourcing nvim_exec2()
sourcing "nvim_exec2()"
finished sourcing nvim_exec2()
sourcing "nvim_exec2()"
finished sourcing nvim_exec2()
sourcing "nvim_exec2()"
finished sourcing nvim_exec2()
sourcing "nvim_exec2()"
finished sourcing nvim_exec2()
sourcing "nvim_exec2()"
finished sourcing nvim_exec2()
sourcing "nvim_exec2()"
finished sourcing nvim_exec2()
sourcing "nvim_exec2()"
finished sourcing nvim_exec2()
sourcing "nvim_exec2()"
finished sourcing nvim_exec2()
sourcing "nvim_exec2()"
finished sourcing nvim_exec2()
sourcing "nvim_exec2()"
finished sourcing nvim_exec2()
sourcing "nvim_exec2()"
finished sourcing nvim_exec2()
sourcing "nvim_exec2()"
finished sourcing nvim_exec2()
sourcing "nvim_exec2()"
finished sourcing nvim_exec2()
sourcing "nvim_exec2()"
finished sourcing nvim_exec2()
sourcing "nvim_exec2()"
finished sourcing nvim_exec2()
sourcing "nvim_exec2()"
finished sourcing nvim_exec2()
sourcing "nvim_exec2()"
finished sourcing nvim_exec2()
sourcing "nvim_exec2()"
finished sourcing nvim_exec2()
sourcing "nvim_exec2()"
finished sourcing nvim_exec2()
sourcing "nvim_exec2()"
finished sourcing nvim_exec2()
sourcing "nvim_exec2()"
finished sourcing nvim_exec2()
sourcing "nvim_exec2()"
finished sourcing nvim_exec2()
sourcing "nvim_exec2()"
finished sourcing nvim_exec2()
sourcing "nvim_exec2()"
finished sourcing nvim_exec2()
sourcing "nvim_exec2()"
finished sourcing nvim_exec2()
sourcing "nvim_exec2()"
finished sourcing nvim_exec2()
sourcing "nvim_exec2()"
finished sourcing nvim_exec2()-- VISUAL --
sourcing "nvim_exec2()"
finished sourcing nvim_exec2()
sourcing "nvim_exec2()"
finished sourcing nvim_exec2()
sourcing "nvim_exec2()"
finished sourcing nvim_exec2()
not found in runtime path: "parser/comment.*"
sourcing "nvim_exec2()"
finished sourcing nvim_exec2()

"lua/hanipcode/plugins/minuet.lua" 
"lua/hanipcode/plugins/minuet.lua" 73L, 2391B written
Writing undo file: /Users/hanifmuhammad/.vim/undodir/%Users%hanifmuhammad%.config%nvim%lua%hanipcode%plugins%minuet.lua
"lua/hanipcode/plugins/minuet.lua" 73L, 2391B written
not found in runtime path: "parser/comment.*"
sourcing "/Users/hanifmuhammad/.local/share/nvim/lazy/nvim-treesitter/autoload/nvim_treesitter.vim"
finished sourcing /Users/hanifmuhammad/.local/share/nvim/lazy/nvim-treesitter/autoload/nvim_treesitter.vim
-- INSERT --
sourcing "nvim_exec2()"
finished sourcing nvim_exec2()
sourcing "nvim_exec2()"
finished sourcing nvim_exec2()
sourcing "nvim_exec2()"
finished sourcing nvim_exec2()
not found in runtime path: "ftplugin/cmp_menu[.]{vim,lua} ftplugin/cmp_menu_*.{vim,lua} ftplugin/cmp_menu/*.{vim,lua}"
not found in runtime path: "indent/cmp_menu[.]{vim,lua}"
not found in runtime path: "parser/cmp_menu.*"
not found in runtime path: "parser/cmp_menu.*"-- INSERT ---- INSERT --
not found in runtime path: "parser/comment.*"-- INSERT ---- INSERT ---- INSERT ---- INSERT --
not found in runtime path: "ftplugin/cmp_docs[.]{vim,lua} ftplugin/cmp_docs_*.{vim,lua} ftplugin/cmp_docs/*.{vim,lua}"
not found in runtime path: "indent/cmp_docs[.]{vim,lua}"
not found in runtime path: "parser/cmp_docs.*"
not found in runtime path: "parser/cmp_docs.*"
sourcing "nvim_exec2()"
finished sourcing nvim_exec2()
sourcing "nvim_exec2()"
line 1: sourcing "/Users/hanifmuhammad/nvim-macos-arm64/share/nvim/runtime/syntax/lua.vim"
finished sourcing /Users/hanifmuhammad/nvim-macos-arm64/share/nvim/runtime/syntax/lua.vim
continuing in nvim_exec2()
finished sourcing nvim_exec2()
sourcing "nvim_exec2()"
finished sourcing nvim_exec2()
sourcing "nvim_exec2()"
finished sourcing nvim_exec2()
sourcing "nvim_exec2()"
line 1: sourcing "/Users/hanifmuhammad/nvim-macos-arm64/share/nvim/runtime/syntax/lsp_markdown.vim"
line 8: sourcing "/Users/hanifmuhammad/nvim-macos-arm64/share/nvim/runtime/syntax/markdown.vim"
line 21: sourcing "/Users/hanifmuhammad/nvim-macos-arm64/share/nvim/runtime/syntax/html.vim"
line 24: sourcing "/Users/hanifmuhammad/nvim-macos-arm64/share/nvim/runtime/syntax/xml.vim"
line 301: sourcing "/Users/hanifmuhammad/nvim-macos-arm64/share/nvim/runtime/syntax/dtd.vim"
finished sourcing /Users/hanifmuhammad/nvim-macos-arm64/share/nvim/runtime/syntax/dtd.vim
continuing in /Users/hanifmuhammad/nvim-macos-arm64/share/nvim/runtime/syntax/xml.vim
finished sourcing /Users/hanifmuhammad/nvim-macos-arm64/share/nvim/runtime/syntax/xml.vim
continuing in /Users/hanifmuhammad/nvim-macos-arm64/share/nvim/runtime/syntax/html.vim
line 274: sourcing "/Users/hanifmuhammad/nvim-macos-arm64/share/nvim/runtime/syntax/javascript.vim"
finished sourcing /Users/hanifmuhammad/nvim-macos-arm64/share/nvim/runtime/syntax/javascript.vim
continuing in /Users/hanifmuhammad/nvim-macos-arm64/share/nvim/runtime/syntax/html.vim
line 299: sourcing "/Users/hanifmuhammad/nvim-macos-arm64/share/nvim/runtime/syntax/vb.vim"
finished sourcing /Users/hanifmuhammad/nvim-macos-arm64/share/nvim/runtime/syntax/vb.vim
continuing in /Users/hanifmuhammad/nvim-macos-arm64/share/nvim/runtime/syntax/html.vim
line 309: sourcing "/Users/hanifmuhammad/nvim-macos-arm64/share/nvim/runtime/syntax/css.vim"
finished sourcing /Users/hanifmuhammad/nvim-macos-arm64/share/nvim/runtime/syntax/css.vim
continuing in /Users/hanifmuhammad/nvim-macos-arm64/share/nvim/runtime/syntax/html.vim
finished sourcing /Users/hanifmuhammad/nvim-macos-arm64/share/nvim/runtime/syntax/html.vim
continuing in /Users/hanifmuhammad/nvim-macos-arm64/share/nvim/runtime/syntax/markdown.vim
line 142: sourcing "/Users/hanifmuhammad/nvim-macos-arm64/share/nvim/runtime/syntax/yaml.vim"
finished sourcing /Users/hanifmuhammad/nvim-macos-arm64/share/nvim/runtime/syntax/yaml.vim
continuing in /Users/hanifmuhammad/nvim-macos-arm64/share/nvim/runtime/syntax/markdown.vim
finished sourcing /Users/hanifmuhammad/nvim-macos-arm64/share/nvim/runtime/syntax/markdown.vim
continuing in /Users/hanifmuhammad/nvim-macos-arm64/share/nvim/runtime/syntax/lsp_markdown.vim
finished sourcing /Users/hanifmuhammad/nvim-macos-arm64/share/nvim/runtime/syntax/lsp_markdown.vim
continuing in nvim_exec2()
finished sourcing nvim_exec2()
sourcing "nvim_exec2()"
finished sourcing nvim_exec2()-- INSERT --















sourcing "nvim_exec2()"
finished sourcing nvim_exec2()









-- INSERT ---- INSERT ---- INSERT ---- INSERT ---- INSERT --
sourcing "nvim_exec2()"
finished sourcing nvim_exec2()
sourcing "nvim_exec2()"
line 1: sourcing "/Users/hanifmuhammad/nvim-macos-arm64/share/nvim/runtime/syntax/lua.vim"
finished sourcing /Users/hanifmuhammad/nvim-macos-arm64/share/nvim/runtime/syntax/lua.vim
continuing in nvim_exec2()
finished sourcing nvim_exec2()
sourcing "nvim_exec2()"
finished sourcing nvim_exec2()
sourcing "nvim_exec2()"
finished sourcing nvim_exec2()















sourcing "nvim_exec2()"
finished sourcing nvim_exec2()










not found in runtime path: "parser/comment.*"


"lua/hanipcode/plugins/minuet.lua" 
"lua/hanipcode/plugins/minuet.lua" 74L, 2423B written
Writing undo file: /Users/hanifmuhammad/.vim/undodir/%Users%hanifmuhammad%.config%nvim%lua%hanipcode%plugins%minuet.lua
"lua/hanipcode/plugins/minuet.lua" 74L, 2423B written

Writing ShaDa file "/Users/hanifmuhammad/.local/state/nvim/shada/main.shada"
sourcing "nvim_exec2()"
finished sourcing nvim_exec2()
sourcing "/Users/hanifmuhammad/nvim-macos-arm64/share/nvim/runtime/ftplugin.vim"
finished sourcing /Users/hanifmuhammad/nvim-macos-arm64/share/nvim/runtime/ftplugin.vim
sourcing "/Users/hanifmuhammad/nvim-macos-arm64/share/nvim/runtime/indent.vim"
finished sourcing /Users/hanifmuhammad/nvim-macos-arm64/share/nvim/runtime/indent.vim
could not source "/etc/xdg/nvim/sysinit.vim"
could not source "$VIM/sysinit.vim"
sourcing "/Users/hanifmuhammad/.config/nvim/init.lua"
line 0: sourcing "nvim_exec2() called at /Users/hanifmuhammad/.config/nvim/init.lua:0"
finished sourcing nvim_exec2() called at /Users/hanifmuhammad/.config/nvim/init.lua:0
continuing in /Users/hanifmuhammad/.config/nvim/init.lua
line 0: sourcing "nvim_exec2() called at /Users/hanifmuhammad/.config/nvim/init.lua:0"
finished sourcing nvim_exec2() called at /Users/hanifmuhammad/.config/nvim/init.lua:0
continuing in /Users/hanifmuhammad/.config/nvim/init.lua
line 0: sourcing "nvim_exec2() called at /Users/hanifmuhammad/.config/nvim/init.lua:0"
finished sourcing nvim_exec2() called at /Users/hanifmuhammad/.config/nvim/init.lua:0
continuing in /Users/hanifmuhammad/.config/nvim/init.lua
line 0: sourcing "nvim_exec2() called at /Users/hanifmuhammad/.config/nvim/init.lua:0"
finished sourcing nvim_exec2() called at /Users/hanifmuhammad/.config/nvim/init.lua:0
continuing in /Users/hanifmuhammad/.config/nvim/init.lua
line 0: sourcing "nvim_exec2() called at /Users/hanifmuhammad/.config/nvim/init.lua:0"
line 1: sourcing "/Users/hanifmuhammad/.local/share/nvim/lazy/go.nvim/ftdetect/filetype.vim"
finished sourcing /Users/hanifmuhammad/.local/share/nvim/lazy/go.nvim/ftdetect/filetype.vim
continuing in nvim_exec2() called at /Users/hanifmuhammad/.config/nvim/init.lua:0
finished sourcing nvim_exec2() called at /Users/hanifmuhammad/.config/nvim/init.lua:0
continuing in /Users/hanifmuhammad/.config/nvim/init.lua
line 0: sourcing "nvim_exec2() called at /Users/hanifmuhammad/.config/nvim/init.lua:0"
finished sourcing nvim_exec2() called at /Users/hanifmuhammad/.config/nvim/init.lua:0
continuing in /Users/hanifmuhammad/.config/nvim/init.lua
line 0: sourcing "nvim_exec2() called at /Users/hanifmuhammad/.config/nvim/init.lua:0"
line 1: sourcing "/Users/hanifmuhammad/nvim-macos-arm64/share/nvim/runtime/filetype.lua"
line 0: sourcing "nvim_exec2() called at /Users/hanifmuhammad/nvim-macos-arm64/share/nvim/runtime/filetype.lua:0"
not found in runtime path: "ftdetect/*.{vim,lua}"
finished sourcing nvim_exec2() called at /Users/hanifmuhammad/nvim-macos-arm64/share/nvim/runtime/filetype.lua:0
continuing in /Users/hanifmuhammad/nvim-macos-arm64/share/nvim/runtime/filetype.lua
finished sourcing /Users/hanifmuhammad/nvim-macos-arm64/share/nvim/runtime/filetype.lua
continuing in nvim_exec2() called at /Users/hanifmuhammad/.config/nvim/init.lua:0
finished sourcing nvim_exec2() called at /Users/hanifmuhammad/.config/nvim/init.lua:0
continuing in /Users/hanifmuhammad/.config/nvim/init.lua
line 0: sourcing "nvim_exec2() called at /Users/hanifmuhammad/.config/nvim/init.lua:0"
finished sourcing nvim_exec2() called at /Users/hanifmuhammad/.config/nvim/init.lua:0
continuing in /Users/hanifmuhammad/.config/nvim/init.lua
line 0: sourcing "nvim_exec2() called at /Users/hanifmuhammad/.config/nvim/init.lua:0"
finished sourcing nvim_exec2() called at /Users/hanifmuhammad/.config/nvim/init.lua:0
continuing in /Users/hanifmuhammad/.config/nvim/init.lua
line 0: sourcing "nvim_exec2() called at /Users/hanifmuhammad/.config/nvim/init.lua:0"
finished sourcing nvim_exec2() called at /Users/hanifmuhammad/.config/nvim/init.lua:0
continuing in /Users/hanifmuhammad/.config/nvim/init.lua
line 0: sourcing "nvim_exec2() called at /Users/hanifmuhammad/.config/nvim/init.lua:0"
finished sourcing nvim_exec2() called at /Users/hanifmuhammad/.config/nvim/init.lua:0
continuing in /Users/hanifmuhammad/.config/nvim/init.lua
line 0: sourcing "/Users/hanifmuhammad/.local/share/nvim/lazy/catppuccin/colors/catppuccin.vim"
finished sourcing /Users/hanifmuhammad/.local/share/nvim/lazy/catppuccin/colors/catppuccin.vim
continuing in /Users/hanifmuhammad/.config/nvim/init.lua
line 0: sourcing "nvim_exec2() called at /Users/hanifmuhammad/.config/nvim/init.lua:0"
line 1: sourcing "/Users/hanifmuhammad/.local/share/nvim/lazy/snacks.nvim/plugin/snacks.lua"
finished sourcing /Users/hanifmuhammad/.local/share/nvim/lazy/snacks.nvim/plugin/snacks.lua
continuing in nvim_exec2() called at /Users/hanifmuhammad/.config/nvim/init.lua:0
finished sourcing nvim_exec2() called at /Users/hanifmuhammad/.config/nvim/init.lua:0
continuing in /Users/hanifmuhammad/.config/nvim/init.lua
line 0: sourcing "nvim_exec2() called at /Users/hanifmuhammad/.config/nvim/init.lua:0"
finished sourcing nvim_exec2() called at /Users/hanifmuhammad/.config/nvim/init.lua:0
continuing in /Users/hanifmuhammad/.config/nvim/init.lua
line 0: sourcing "nvim_exec2() called at /Users/hanifmuhammad/.config/nvim/init.lua:0"
finished sourcing nvim_exec2() called at /Users/hanifmuhammad/.config/nvim/init.lua:0
continuing in /Users/hanifmuhammad/.config/nvim/init.lua
line 0: sourcing "nvim_exec2() called at /Users/hanifmuhammad/.config/nvim/init.lua:0"
line 1: sourcing "/Users/hanifmuhammad/.local/share/nvim/lazy/nvim-web-devicons/plugin/nvim-web-devicons.vim"
finished sourcing /Users/hanifmuhammad/.local/share/nvim/lazy/nvim-web-devicons/plugin/nvim-web-devicons.vim
continuing in nvim_exec2() called at /Users/hanifmuhammad/.config/nvim/init.lua:0
finished sourcing nvim_exec2() called at /Users/hanifmuhammad/.config/nvim/init.lua:0
continuing in /Users/hanifmuhammad/.config/nvim/init.lua
line 0: sourcing "nvim_exec2() called at /Users/hanifmuhammad/.config/nvim/init.lua:0"
finished sourcing nvim_exec2() called at /Users/hanifmuhammad/.config/nvim/init.lua:0
continuing in /Users/hanifmuhammad/.config/nvim/init.lua
line 0: sourcing "nvim_exec2() called at /Users/hanifmuhammad/.config/nvim/init.lua:0"
finished sourcing nvim_exec2() called at /Users/hanifmuhammad/.config/nvim/init.lua:0
continuing in /Users/hanifmuhammad/.config/nvim/init.lua
line 0: sourcing "nvim_exec2() called at /Users/hanifmuhammad/.config/nvim/init.lua:0"
finished sourcing nvim_exec2() called at /Users/hanifmuhammad/.config/nvim/init.lua:0
continuing in /Users/hanifmuhammad/.config/nvim/init.lua
line 0: sourcing "nvim_exec2() called at /Users/hanifmuhammad/.config/nvim/init.lua:0"
finished sourcing nvim_exec2() called at /Users/hanifmuhammad/.config/nvim/init.lua:0
continuing in /Users/hanifmuhammad/.config/nvim/init.lua
line 0: sourcing "nvim_exec2() called at /Users/hanifmuhammad/.config/nvim/init.lua:0"
finished sourcing nvim_exec2() called at /Users/hanifmuhammad/.config/nvim/init.lua:0
continuing in /Users/hanifmuhammad/.config/nvim/init.lua
line 0: sourcing "nvim_exec2() called at /Users/hanifmuhammad/.config/nvim/init.lua:0"
finished sourcing nvim_exec2() called at /Users/hanifmuhammad/.config/nvim/init.lua:0
continuing in /Users/hanifmuhammad/.config/nvim/init.lua
line 0: sourcing "nvim_exec2() called at /Users/hanifmuhammad/.config/nvim/init.lua:0"
line 1: sourcing "/Users/hanifmuhammad/.local/share/nvim/lazy/plenary.nvim/plugin/plenary.vim"
finished sourcing /Users/hanifmuhammad/.local/share/nvim/lazy/plenary.nvim/plugin/plenary.vim
continuing in nvim_exec2() called at /Users/hanifmuhammad/.config/nvim/init.lua:0
finished sourcing nvim_exec2() called at /Users/hanifmuhammad/.config/nvim/init.lua:0
continuing in /Users/hanifmuhammad/.config/nvim/init.lua
line 0: sourcing "nvim_exec2() called at /Users/hanifmuhammad/.config/nvim/init.lua:0"
finished sourcing nvim_exec2() called at /Users/hanifmuhammad/.config/nvim/init.lua:0
continuing in /Users/hanifmuhammad/.config/nvim/init.lua
line 0: sourcing "nvim_exec2() called at /Users/hanifmuhammad/.config/nvim/init.lua:0"
finished sourcing nvim_exec2() called at /Users/hanifmuhammad/.config/nvim/init.lua:0
continuing in /Users/hanifmuhammad/.config/nvim/init.lua
line 0: sourcing "nvim_exec2() called at /Users/hanifmuhammad/.config/nvim/init.lua:0"
line 1: sourcing "/Users/hanifmuhammad/.local/share/nvim/lazy/VectorCode/plugin/vectorcode.lua"
finished sourcing /Users/hanifmuhammad/.local/share/nvim/lazy/VectorCode/plugin/vectorcode.lua
continuing in nvim_exec2() called at /Users/hanifmuhammad/.config/nvim/init.lua:0
finished sourcing nvim_exec2() called at /Users/hanifmuhammad/.config/nvim/init.lua:0
continuing in /Users/hanifmuhammad/.config/nvim/init.lua
line 0: sourcing "nvim_exec2() called at /Users/hanifmuhammad/.config/nvim/init.lua:0"
finished sourcing nvim_exec2() called at /Users/hanifmuhammad/.config/nvim/init.lua:0
continuing in /Users/hanifmuhammad/.config/nvim/init.lua
line 0: sourcing "nvim_exec2() called at /Users/hanifmuhammad/.config/nvim/init.lua:0"
finished sourcing nvim_exec2() called at /Users/hanifmuhammad/.config/nvim/init.lua:0
continuing in /Users/hanifmuhammad/.config/nvim/init.lua
line 0: sourcing "nvim_exec2() called at /Users/hanifmuhammad/.config/nvim/init.lua:0"
line 1: sourcing "/Users/hanifmuhammad/.local/share/nvim/lazy/nvim-cmp/plugin/cmp.lua"
line 0: sourcing "nvim_exec2() called at /Users/hanifmuhammad/.local/share/nvim/lazy/nvim-cmp/plugin/cmp.lua:0"
finished sourcing nvim_exec2() called at /Users/hanifmuhammad/.local/share/nvim/lazy/nvim-cmp/plugin/cmp.lua:0
continuing in /Users/hanifmuhammad/.local/share/nvim/lazy/nvim-cmp/plugin/cmp.lua
finished sourcing /Users/hanifmuhammad/.local/share/nvim/lazy/nvim-cmp/plugin/cmp.lua
continuing in nvim_exec2() called at /Users/hanifmuhammad/.config/nvim/init.lua:0
finished sourcing nvim_exec2() called at /Users/hanifmuhammad/.config/nvim/init.lua:0
continuing in /Users/hanifmuhammad/.config/nvim/init.lua
line 0: sourcing "nvim_exec2() called at /Users/hanifmuhammad/.config/nvim/init.lua:0"
finished sourcing nvim_exec2() called at /Users/hanifmuhammad/.config/nvim/init.lua:0
continuing in /Users/hanifmuhammad/.config/nvim/init.lua
line 0: sourcing "nvim_exec2() called at /Users/hanifmuhammad/.config/nvim/init.lua:0"
finished sourcing nvim_exec2() called at /Users/hanifmuhammad/.config/nvim/init.lua:0
continuing in /Users/hanifmuhammad/.config/nvim/init.lua
line 0: sourcing "nvim_exec2() called at /Users/hanifmuhammad/.config/nvim/init.lua:0"
finished sourcing nvim_exec2() called at /Users/hanifmuhammad/.config/nvim/init.lua:0
continuing in /Users/hanifmuhammad/.config/nvim/init.lua
line 0: sourcing "nvim_exec2() called at /Users/hanifmuhammad/.config/nvim/init.lua:0"
finished sourcing nvim_exec2() called at /Users/hanifmuhammad/.config/nvim/init.lua:0
continuing in /Users/hanifmuhammad/.config/nvim/init.lua
line 0: sourcing "nvim_exec2() called at /Users/hanifmuhammad/.config/nvim/init.lua:0"
finished sourcing nvim_exec2() called at /Users/hanifmuhammad/.config/nvim/init.lua:0
continuing in /Users/hanifmuhammad/.config/nvim/init.lua
line 0: sourcing "nvim_exec2() called at /Users/hanifmuhammad/.config/nvim/init.lua:0"
finished sourcing nvim_exec2() called at /Users/hanifmuhammad/.config/nvim/init.lua:0
continuing in /Users/hanifmuhammad/.config/nvim/init.lua
line 0: sourcing "nvim_exec2() called at /Users/hanifmuhammad/.config/nvim/init.lua:0"
finished sourcing nvim_exec2() called at /Users/hanifmuhammad/.config/nvim/init.lua:0
continuing in /Users/hanifmuhammad/.config/nvim/init.lua
line 0: sourcing "nvim_exec2() called at /Users/hanifmuhammad/.config/nvim/init.lua:0"
finished sourcing nvim_exec2() called at /Users/hanifmuhammad/.config/nvim/init.lua:0
continuing in /Users/hanifmuhammad/.config/nvim/init.lua
line 0: sourcing "nvim_exec2() called at /Users/hanifmuhammad/.config/nvim/init.lua:0"
finished sourcing nvim_exec2() called at /Users/hanifmuhammad/.config/nvim/init.lua:0
continuing in /Users/hanifmuhammad/.config/nvim/init.lua
line 0: sourcing "nvim_exec2() called at /Users/hanifmuhammad/.config/nvim/init.lua:0"
finished sourcing nvim_exec2() called at /Users/hanifmuhammad/.config/nvim/init.lua:0
continuing in /Users/hanifmuhammad/.config/nvim/init.lua
line 0: sourcing "nvim_exec2() called at /Users/hanifmuhammad/.config/nvim/init.lua:0"
finished sourcing nvim_exec2() called at /Users/hanifmuhammad/.config/nvim/init.lua:0
continuing in /Users/hanifmuhammad/.config/nvim/init.lua
line 0: sourcing "nvim_exec2() called at /Users/hanifmuhammad/.config/nvim/init.lua:0"
finished sourcing nvim_exec2() called at /Users/hanifmuhammad/.config/nvim/init.lua:0
continuing in /Users/hanifmuhammad/.config/nvim/init.lua
line 0: sourcing "nvim_exec2() called at /Users/hanifmuhammad/.config/nvim/init.lua:0"
finished sourcing nvim_exec2() called at /Users/hanifmuhammad/.config/nvim/init.lua:0
continuing in /Users/hanifmuhammad/.config/nvim/init.lua
line 0: sourcing "nvim_exec2() called at /Users/hanifmuhammad/.config/nvim/init.lua:0"
finished sourcing nvim_exec2() called at /Users/hanifmuhammad/.config/nvim/init.lua:0
continuing in /Users/hanifmuhammad/.config/nvim/init.lua
line 0: sourcing "nvim_exec2() called at /Users/hanifmuhammad/.config/nvim/init.lua:0"
finished sourcing nvim_exec2() called at /Users/hanifmuhammad/.config/nvim/init.lua:0
continuing in /Users/hanifmuhammad/.config/nvim/init.lua
line 0: sourcing "nvim_exec2() called at /Users/hanifmuhammad/.config/nvim/init.lua:0"
finished sourcing nvim_exec2() called at /Users/hanifmuhammad/.config/nvim/init.lua:0
continuing in /Users/hanifmuhammad/.config/nvim/init.lua
line 0: sourcing "nvim_exec2() called at /Users/hanifmuhammad/.config/nvim/init.lua:0"
finished sourcing nvim_exec2() called at /Users/hanifmuhammad/.config/nvim/init.lua:0
continuing in /Users/hanifmuhammad/.config/nvim/init.lua
line 0: sourcing "nvim_exec2() called at /Users/hanifmuhammad/.config/nvim/init.lua:0"
finished sourcing nvim_exec2() called at /Users/hanifmuhammad/.config/nvim/init.lua:0
continuing in /Users/hanifmuhammad/.config/nvim/init.lua
line 0: sourcing "nvim_exec2() called at /Users/hanifmuhammad/.config/nvim/init.lua:0"
finished sourcing nvim_exec2() called at /Users/hanifmuhammad/.config/nvim/init.lua:0
continuing in /Users/hanifmuhammad/.config/nvim/init.lua
line 0: sourcing "nvim_exec2() called at /Users/hanifmuhammad/.config/nvim/init.lua:0"
finished sourcing nvim_exec2() called at /Users/hanifmuhammad/.config/nvim/init.lua:0
continuing in /Users/hanifmuhammad/.config/nvim/init.lua
line 0: sourcing "nvim_exec2() called at /Users/hanifmuhammad/.config/nvim/init.lua:0"
finished sourcing nvim_exec2() called at /Users/hanifmuhammad/.config/nvim/init.lua:0
continuing in /Users/hanifmuhammad/.config/nvim/init.lua
line 0: sourcing "nvim_exec2() called at /Users/hanifmuhammad/.config/nvim/init.lua:0"
--- Autocommands ---
finished sourcing nvim_exec2() called at /Users/hanifmuhammad/.config/nvim/init.lua:0
continuing in /Users/hanifmuhammad/.config/nvim/init.lua
line 0: sourcing "nvim_exec2() called at /Users/hanifmuhammad/.config/nvim/init.lua:0"
finished sourcing nvim_exec2() called at /Users/hanifmuhammad/.config/nvim/init.lua:0
continuing in /Users/hanifmuhammad/.config/nvim/init.lua
line 0: sourcing "nvim_exec2() called at /Users/hanifmuhammad/.config/nvim/init.lua:0"
finished sourcing nvim_exec2() called at /Users/hanifmuhammad/.config/nvim/init.lua:0
continuing in /Users/hanifmuhammad/.config/nvim/init.lua
line 0: sourcing "nvim_exec2() called at /Users/hanifmuhammad/.config/nvim/init.lua:0"
finished sourcing nvim_exec2() called at /Users/hanifmuhammad/.config/nvim/init.lua:0
continuing in /Users/hanifmuhammad/.config/nvim/init.lua
line 0: sourcing "nvim_exec2() called at /Users/hanifmuhammad/.config/nvim/init.lua:0"
finished sourcing nvim_exec2() called at /Users/hanifmuhammad/.config/nvim/init.lua:0
continuing in /Users/hanifmuhammad/.config/nvim/init.lua
line 0: sourcing "nvim_exec2() called at /Users/hanifmuhammad/.config/nvim/init.lua:0"
finished sourcing nvim_exec2() called at /Users/hanifmuhammad/.config/nvim/init.lua:0
continuing in /Users/hanifmuhammad/.config/nvim/init.lua
line 0: sourcing "nvim_exec2() called at /Users/hanifmuhammad/.config/nvim/init.lua:0"
finished sourcing nvim_exec2() called at /Users/hanifmuhammad/.config/nvim/init.lua:0
continuing in /Users/hanifmuhammad/.config/nvim/init.lua
line 0: sourcing "nvim_exec2() called at /Users/hanifmuhammad/.config/nvim/init.lua:0"
finished sourcing nvim_exec2() called at /Users/hanifmuhammad/.config/nvim/init.lua:0
continuing in /Users/hanifmuhammad/.config/nvim/init.lua
line 0: sourcing "nvim_exec2() called at /Users/hanifmuhammad/.config/nvim/init.lua:0"
finished sourcing nvim_exec2() called at /Users/hanifmuhammad/.config/nvim/init.lua:0
continuing in /Users/hanifmuhammad/.config/nvim/init.lua
line 0: sourcing "nvim_exec2() called at /Users/hanifmuhammad/.config/nvim/init.lua:0"
finished sourcing nvim_exec2() called at /Users/hanifmuhammad/.config/nvim/init.lua:0
continuing in /Users/hanifmuhammad/.config/nvim/init.lua
line 0: sourcing "nvim_exec2() called at /Users/hanifmuhammad/.config/nvim/init.lua:0"
finished sourcing nvim_exec2() called at /Users/hanifmuhammad/.config/nvim/init.lua:0
continuing in /Users/hanifmuhammad/.config/nvim/init.lua
line 0: sourcing "nvim_exec2() called at /Users/hanifmuhammad/.config/nvim/init.lua:0"
finished sourcing nvim_exec2() called at /Users/hanifmuhammad/.config/nvim/init.lua:0
continuing in /Users/hanifmuhammad/.config/nvim/init.lua
line 0: sourcing "nvim_exec2() called at /Users/hanifmuhammad/.config/nvim/init.lua:0"
finished sourcing nvim_exec2() called at /Users/hanifmuhammad/.config/nvim/init.lua:0
continuing in /Users/hanifmuhammad/.config/nvim/init.lua
line 0: sourcing "nvim_exec2() called at /Users/hanifmuhammad/.config/nvim/init.lua:0"
finished sourcing nvim_exec2() called at /Users/hanifmuhammad/.config/nvim/init.lua:0
continuing in /Users/hanifmuhammad/.config/nvim/init.lua
line 0: sourcing "nvim_exec2() called at /Users/hanifmuhammad/.config/nvim/init.lua:0"
finished sourcing nvim_exec2() called at /Users/hanifmuhammad/.config/nvim/init.lua:0
continuing in /Users/hanifmuhammad/.config/nvim/init.lua
line 0: sourcing "nvim_exec2() called at /Users/hanifmuhammad/.config/nvim/init.lua:0"
finished sourcing nvim_exec2() called at /Users/hanifmuhammad/.config/nvim/init.lua:0
continuing in /Users/hanifmuhammad/.config/nvim/init.lua
line 0: sourcing "nvim_exec2() called at /Users/hanifmuhammad/.config/nvim/init.lua:0"
finished sourcing nvim_exec2() called at /Users/hanifmuhammad/.config/nvim/init.lua:0
continuing in /Users/hanifmuhammad/.config/nvim/init.lua
line 0: sourcing "nvim_exec2() called at /Users/hanifmuhammad/.config/nvim/init.lua:0"
finished sourcing nvim_exec2() called at /Users/hanifmuhammad/.config/nvim/init.lua:0
continuing in /Users/hanifmuhammad/.config/nvim/init.lua
line 0: sourcing "nvim_exec2() called at /Users/hanifmuhammad/.config/nvim/init.lua:0"
finished sourcing nvim_exec2() called at /Users/hanifmuhammad/.config/nvim/init.lua:0
continuing in /Users/hanifmuhammad/.config/nvim/init.lua
line 0: sourcing "nvim_exec2() called at /Users/hanifmuhammad/.config/nvim/init.lua:0"
finished sourcing nvim_exec2() called at /Users/hanifmuhammad/.config/nvim/init.lua:0
continuing in /Users/hanifmuhammad/.config/nvim/init.lua
line 0: sourcing "nvim_exec2() called at /Users/hanifmuhammad/.config/nvim/init.lua:0"
finished sourcing nvim_exec2() called at /Users/hanifmuhammad/.config/nvim/init.lua:0
continuing in /Users/hanifmuhammad/.config/nvim/init.lua
line 0: sourcing "nvim_exec2() called at /Users/hanifmuhammad/.config/nvim/init.lua:0"
finished sourcing nvim_exec2() called at /Users/hanifmuhammad/.config/nvim/init.lua:0
continuing in /Users/hanifmuhammad/.config/nvim/init.lua
line 0: sourcing "nvim_exec2() called at /Users/hanifmuhammad/.config/nvim/init.lua:0"
finished sourcing nvim_exec2() called at /Users/hanifmuhammad/.config/nvim/init.lua:0
continuing in /Users/hanifmuhammad/.config/nvim/init.lua
line 0: sourcing "nvim_exec2() called at /Users/hanifmuhammad/.config/nvim/init.lua:0"
--- Autocommands ---
lualine  BufEnter
    *         lua require'lualine.components.branch.git_branch'.find_git_dir()
	Last set from ~/.local/share/nvim/lazy/lualine.nvim/lua/lualine/utils/utils.lua line 98
finished sourcing nvim_exec2() called at /Users/hanifmuhammad/.config/nvim/init.lua:0
continuing in /Users/hanifmuhammad/.config/nvim/init.lua
line 0: sourcing "nvim_exec2() called at /Users/hanifmuhammad/.config/nvim/init.lua:0"
finished sourcing nvim_exec2() called at /Users/hanifmuhammad/.config/nvim/init.lua:0
continuing in /Users/hanifmuhammad/.config/nvim/init.lua
line 0: sourcing "nvim_exec2() called at /Users/hanifmuhammad/.config/nvim/init.lua:0"
--- Autocommands ---
finished sourcing nvim_exec2() called at /Users/hanifmuhammad/.config/nvim/init.lua:0
continuing in /Users/hanifmuhammad/.config/nvim/init.lua
line 0: sourcing "nvim_exec2() called at /Users/hanifmuhammad/.config/nvim/init.lua:0"
finished sourcing nvim_exec2() called at /Users/hanifmuhammad/.config/nvim/init.lua:0
continuing in /Users/hanifmuhammad/.config/nvim/init.lua
line 0: sourcing "nvim_exec2() called at /Users/hanifmuhammad/.config/nvim/init.lua:0"
finished sourcing nvim_exec2() called at /Users/hanifmuhammad/.config/nvim/init.lua:0
continuing in /Users/hanifmuhammad/.config/nvim/init.lua
line 0: sourcing "nvim_exec2() called at /Users/hanifmuhammad/.config/nvim/init.lua:0"
finished sourcing nvim_exec2() called at /Users/hanifmuhammad/.config/nvim/init.lua:0
continuing in /Users/hanifmuhammad/.config/nvim/init.lua
line 0: sourcing "nvim_exec2() called at /Users/hanifmuhammad/.config/nvim/init.lua:0"
finished sourcing nvim_exec2() called at /Users/hanifmuhammad/.config/nvim/init.lua:0
continuing in /Users/hanifmuhammad/.config/nvim/init.lua
line 0: sourcing "nvim_exec2() called at /Users/hanifmuhammad/.config/nvim/init.lua:0"
finished sourcing nvim_exec2() called at /Users/hanifmuhammad/.config/nvim/init.lua:0
continuing in /Users/hanifmuhammad/.config/nvim/init.lua
line 0: sourcing "nvim_exec2() called at /Users/hanifmuhammad/.config/nvim/init.lua:0"
finished sourcing nvim_exec2() called at /Users/hanifmuhammad/.config/nvim/init.lua:0
continuing in /Users/hanifmuhammad/.config/nvim/init.lua
line 0: sourcing "nvim_exec2() called at /Users/hanifmuhammad/.config/nvim/init.lua:0"
finished sourcing nvim_exec2() called at /Users/hanifmuhammad/.config/nvim/init.lua:0
continuing in /Users/hanifmuhammad/.config/nvim/init.lua
line 0: sourcing "nvim_exec2() called at /Users/hanifmuhammad/.config/nvim/init.lua:0"
finished sourcing nvim_exec2() called at /Users/hanifmuhammad/.config/nvim/init.lua:0
continuing in /Users/hanifmuhammad/.config/nvim/init.lua
line 0: sourcing "nvim_exec2() called at /Users/hanifmuhammad/.config/nvim/init.lua:0"
finished sourcing nvim_exec2() called at /Users/hanifmuhammad/.config/nvim/init.lua:0
continuing in /Users/hanifmuhammad/.config/nvim/init.lua
line 0: sourcing "nvim_exec2() called at /Users/hanifmuhammad/.config/nvim/init.lua:0"
finished sourcing nvim_exec2() called at /Users/hanifmuhammad/.config/nvim/init.lua:0
continuing in /Users/hanifmuhammad/.config/nvim/init.lua
line 0: sourcing "nvim_exec2() called at /Users/hanifmuhammad/.config/nvim/init.lua:0"
finished sourcing nvim_exec2() called at /Users/hanifmuhammad/.config/nvim/init.lua:0
continuing in /Users/hanifmuhammad/.config/nvim/init.lua
line 0: sourcing "nvim_exec2() called at /Users/hanifmuhammad/.config/nvim/init.lua:0"
finished sourcing nvim_exec2() called at /Users/hanifmuhammad/.config/nvim/init.lua:0
continuing in /Users/hanifmuhammad/.config/nvim/init.lua
line 0: sourcing "nvim_exec2() called at /Users/hanifmuhammad/.config/nvim/init.lua:0"
finished sourcing nvim_exec2() called at /Users/hanifmuhammad/.config/nvim/init.lua:0
continuing in /Users/hanifmuhammad/.config/nvim/init.lua
line 0: sourcing "nvim_exec2() called at /Users/hanifmuhammad/.config/nvim/init.lua:0"
finished sourcing nvim_exec2() called at /Users/hanifmuhammad/.config/nvim/init.lua:0
continuing in /Users/hanifmuhammad/.config/nvim/init.lua
line 0: sourcing "nvim_exec2() called at /Users/hanifmuhammad/.config/nvim/init.lua:0"
finished sourcing nvim_exec2() called at /Users/hanifmuhammad/.config/nvim/init.lua:0
continuing in /Users/hanifmuhammad/.config/nvim/init.lua
line 0: sourcing "nvim_exec2() called at /Users/hanifmuhammad/.config/nvim/init.lua:0"
finished sourcing nvim_exec2() called at /Users/hanifmuhammad/.config/nvim/init.lua:0
continuing in /Users/hanifmuhammad/.config/nvim/init.lua
line 0: sourcing "nvim_exec2() called at /Users/hanifmuhammad/.config/nvim/init.lua:0"
finished sourcing nvim_exec2() called at /Users/hanifmuhammad/.config/nvim/init.lua:0
continuing in /Users/hanifmuhammad/.config/nvim/init.lua
line 0: sourcing "nvim_exec2() called at /Users/hanifmuhammad/.config/nvim/init.lua:0"
finished sourcing nvim_exec2() called at /Users/hanifmuhammad/.config/nvim/init.lua:0
continuing in /Users/hanifmuhammad/.config/nvim/init.lua
line 0: sourcing "nvim_exec2() called at /Users/hanifmuhammad/.config/nvim/init.lua:0"
finished sourcing nvim_exec2() called at /Users/hanifmuhammad/.config/nvim/init.lua:0
continuing in /Users/hanifmuhammad/.config/nvim/init.lua
line 0: sourcing "nvim_exec2() called at /Users/hanifmuhammad/.config/nvim/init.lua:0"
finished sourcing nvim_exec2() called at /Users/hanifmuhammad/.config/nvim/init.lua:0
continuing in /Users/hanifmuhammad/.config/nvim/init.lua
line 0: sourcing "nvim_exec2() called at /Users/hanifmuhammad/.config/nvim/init.lua:0"
finished sourcing nvim_exec2() called at /Users/hanifmuhammad/.config/nvim/init.lua:0
continuing in /Users/hanifmuhammad/.config/nvim/init.lua
line 0: sourcing "nvim_exec2() called at /Users/hanifmuhammad/.config/nvim/init.lua:0"
finished sourcing nvim_exec2() called at /Users/hanifmuhammad/.config/nvim/init.lua:0
continuing in /Users/hanifmuhammad/.config/nvim/init.lua
line 0: sourcing "nvim_exec2() called at /Users/hanifmuhammad/.config/nvim/init.lua:0"
finished sourcing nvim_exec2() called at /Users/hanifmuhammad/.config/nvim/init.lua:0
continuing in /Users/hanifmuhammad/.config/nvim/init.lua
line 0: sourcing "nvim_exec2() called at /Users/hanifmuhammad/.config/nvim/init.lua:0"
finished sourcing nvim_exec2() called at /Users/hanifmuhammad/.config/nvim/init.lua:0
continuing in /Users/hanifmuhammad/.config/nvim/init.lua
line 0: sourcing "nvim_exec2() called at /Users/hanifmuhammad/.config/nvim/init.lua:0"
finished sourcing nvim_exec2() called at /Users/hanifmuhammad/.config/nvim/init.lua:0
continuing in /Users/hanifmuhammad/.config/nvim/init.lua
line 0: sourcing "nvim_exec2() called at /Users/hanifmuhammad/.config/nvim/init.lua:0"
finished sourcing nvim_exec2() called at /Users/hanifmuhammad/.config/nvim/init.lua:0
continuing in /Users/hanifmuhammad/.config/nvim/init.lua
line 0: sourcing "nvim_exec2() called at /Users/hanifmuhammad/.config/nvim/init.lua:0"
finished sourcing nvim_exec2() called at /Users/hanifmuhammad/.config/nvim/init.lua:0
continuing in /Users/hanifmuhammad/.config/nvim/init.lua
line 0: sourcing "nvim_exec2() called at /Users/hanifmuhammad/.config/nvim/init.lua:0"
finished sourcing nvim_exec2() called at /Users/hanifmuhammad/.config/nvim/init.lua:0
continuing in /Users/hanifmuhammad/.config/nvim/init.lua
line 0: sourcing "nvim_exec2() called at /Users/hanifmuhammad/.config/nvim/init.lua:0"
finished sourcing nvim_exec2() called at /Users/hanifmuhammad/.config/nvim/init.lua:0
continuing in /Users/hanifmuhammad/.config/nvim/init.lua
line 0: sourcing "nvim_exec2() called at /Users/hanifmuhammad/.config/nvim/init.lua:0"
finished sourcing nvim_exec2() called at /Users/hanifmuhammad/.config/nvim/init.lua:0
continuing in /Users/hanifmuhammad/.config/nvim/init.lua
line 0: sourcing "nvim_exec2() called at /Users/hanifmuhammad/.config/nvim/init.lua:0"
finished sourcing nvim_exec2() called at /Users/hanifmuhammad/.config/nvim/init.lua:0
continuing in /Users/hanifmuhammad/.config/nvim/init.lua
line 0: sourcing "nvim_exec2() called at /Users/hanifmuhammad/.config/nvim/init.lua:0"
line 1: sourcing "/Users/hanifmuhammad/.local/share/nvim/lazy/todo-comments.nvim/plugin/todo.vim"
finished sourcing /Users/hanifmuhammad/.local/share/nvim/lazy/todo-comments.nvim/plugin/todo.vim
continuing in nvim_exec2() called at /Users/hanifmuhammad/.config/nvim/init.lua:0
finished sourcing nvim_exec2() called at /Users/hanifmuhammad/.config/nvim/init.lua:0
continuing in /Users/hanifmuhammad/.config/nvim/init.lua
line 0: sourcing "nvim_exec2() called at /Users/hanifmuhammad/.config/nvim/init.lua:0"
finished sourcing nvim_exec2() called at /Users/hanifmuhammad/.config/nvim/init.lua:0
continuing in /Users/hanifmuhammad/.config/nvim/init.lua
line 0: sourcing "nvim_exec2() called at /Users/hanifmuhammad/.config/nvim/init.lua:0"
finished sourcing nvim_exec2() called at /Users/hanifmuhammad/.config/nvim/init.lua:0
continuing in /Users/hanifmuhammad/.config/nvim/init.lua
line 0: sourcing "nvim_exec2() called at /Users/hanifmuhammad/.config/nvim/init.lua:0"
line 1: sourcing "/Users/hanifmuhammad/.local/share/nvim/lazy/telescope.nvim/plugin/telescope.lua"
finished sourcing /Users/hanifmuhammad/.local/share/nvim/lazy/telescope.nvim/plugin/telescope.lua
continuing in nvim_exec2() called at /Users/hanifmuhammad/.config/nvim/init.lua:0
finished sourcing nvim_exec2() called at /Users/hanifmuhammad/.config/nvim/init.lua:0
continuing in /Users/hanifmuhammad/.config/nvim/init.lua
line 0: sourcing "nvim_exec2() called at /Users/hanifmuhammad/.config/nvim/init.lua:0"
finished sourcing nvim_exec2() called at /Users/hanifmuhammad/.config/nvim/init.lua:0
continuing in /Users/hanifmuhammad/.config/nvim/init.lua
line 0: sourcing "nvim_exec2() called at /Users/hanifmuhammad/.config/nvim/init.lua:0"
finished sourcing nvim_exec2() called at /Users/hanifmuhammad/.config/nvim/init.lua:0
continuing in /Users/hanifmuhammad/.config/nvim/init.lua
line 0: sourcing "nvim_exec2() called at /Users/hanifmuhammad/.config/nvim/init.lua:0"
finished sourcing nvim_exec2() called at /Users/hanifmuhammad/.config/nvim/init.lua:0
continuing in /Users/hanifmuhammad/.config/nvim/init.lua
line 0: sourcing "nvim_exec2() called at /Users/hanifmuhammad/.config/nvim/init.lua:0"
finished sourcing nvim_exec2() called at /Users/hanifmuhammad/.config/nvim/init.lua:0
continuing in /Users/hanifmuhammad/.config/nvim/init.lua
line 0: sourcing "nvim_exec2() called at /Users/hanifmuhammad/.config/nvim/init.lua:0"
line 1: sourcing "/Users/hanifmuhammad/.local/share/nvim/lazy/vim-fugitive/plugin/fugitive.vim"
finished sourcing /Users/hanifmuhammad/.local/share/nvim/lazy/vim-fugitive/plugin/fugitive.vim
continuing in nvim_exec2() called at /Users/hanifmuhammad/.config/nvim/init.lua:0
finished sourcing nvim_exec2() called at /Users/hanifmuhammad/.config/nvim/init.lua:0
continuing in /Users/hanifmuhammad/.config/nvim/init.lua
line 0: sourcing "nvim_exec2() called at /Users/hanifmuhammad/.config/nvim/init.lua:0"
finished sourcing nvim_exec2() called at /Users/hanifmuhammad/.config/nvim/init.lua:0
continuing in /Users/hanifmuhammad/.config/nvim/init.lua
line 0: sourcing "nvim_exec2() called at /Users/hanifmuhammad/.config/nvim/init.lua:0"
line 1: sourcing "/Users/hanifmuhammad/.local/share/nvim/lazy/vim-fugitive/ftdetect/fugitive.vim"
finished sourcing /Users/hanifmuhammad/.local/share/nvim/lazy/vim-fugitive/ftdetect/fugitive.vim
continuing in nvim_exec2() called at /Users/hanifmuhammad/.config/nvim/init.lua:0
finished sourcing nvim_exec2() called at /Users/hanifmuhammad/.config/nvim/init.lua:0
continuing in /Users/hanifmuhammad/.config/nvim/init.lua
line 0: sourcing "nvim_exec2() called at /Users/hanifmuhammad/.config/nvim/init.lua:0"
finished sourcing nvim_exec2() called at /Users/hanifmuhammad/.config/nvim/init.lua:0
continuing in /Users/hanifmuhammad/.config/nvim/init.lua
line 0: sourcing "nvim_exec2() called at /Users/hanifmuhammad/.config/nvim/init.lua:0"
line 1: sourcing "/Users/hanifmuhammad/.local/share/nvim/lazy/nvim-treesitter/plugin/nvim-treesitter.lua"
finished sourcing /Users/hanifmuhammad/.local/share/nvim/lazy/nvim-treesitter/plugin/nvim-treesitter.lua
continuing in nvim_exec2() called at /Users/hanifmuhammad/.config/nvim/init.lua:0
finished sourcing nvim_exec2() called at /Users/hanifmuhammad/.config/nvim/init.lua:0
continuing in /Users/hanifmuhammad/.config/nvim/init.lua
line 0: sourcing "nvim_exec2() called at /Users/hanifmuhammad/.config/nvim/init.lua:0"
finished sourcing nvim_exec2() called at /Users/hanifmuhammad/.config/nvim/init.lua:0
continuing in /Users/hanifmuhammad/.config/nvim/init.lua
line 0: sourcing "nvim_exec2() called at /Users/hanifmuhammad/.config/nvim/init.lua:0"
finished sourcing nvim_exec2() called at /Users/hanifmuhammad/.config/nvim/init.lua:0
continuing in /Users/hanifmuhammad/.config/nvim/init.lua
line 0: sourcing "nvim_exec2() called at /Users/hanifmuhammad/.config/nvim/init.lua:0"
line 1: sourcing "/Users/hanifmuhammad/.local/share/nvim/lazy/codecompanion.nvim/plugin/codecompanion.lua"
finished sourcing /Users/hanifmuhammad/.local/share/nvim/lazy/codecompanion.nvim/plugin/codecompanion.lua
continuing in nvim_exec2() called at /Users/hanifmuhammad/.config/nvim/init.lua:0
finished sourcing nvim_exec2() called at /Users/hanifmuhammad/.config/nvim/init.lua:0
continuing in /Users/hanifmuhammad/.config/nvim/init.lua
line 0: sourcing "nvim_exec2() called at /Users/hanifmuhammad/.config/nvim/init.lua:0"
finished sourcing nvim_exec2() called at /Users/hanifmuhammad/.config/nvim/init.lua:0
continuing in /Users/hanifmuhammad/.config/nvim/init.lua
line 0: sourcing "nvim_exec2() called at /Users/hanifmuhammad/.config/nvim/init.lua:0"
finished sourcing nvim_exec2() called at /Users/hanifmuhammad/.config/nvim/init.lua:0
continuing in /Users/hanifmuhammad/.config/nvim/init.lua
line 0: sourcing "nvim_exec2() called at /Users/hanifmuhammad/.config/nvim/init.lua:0"
finished sourcing nvim_exec2() called at /Users/hanifmuhammad/.config/nvim/init.lua:0
continuing in /Users/hanifmuhammad/.config/nvim/init.lua
line 0: sourcing "nvim_exec2() called at /Users/hanifmuhammad/.config/nvim/init.lua:0"
finished sourcing nvim_exec2() called at /Users/hanifmuhammad/.config/nvim/init.lua:0
continuing in /Users/hanifmuhammad/.config/nvim/init.lua
line 0: sourcing "nvim_exec2() called at /Users/hanifmuhammad/.config/nvim/init.lua:0"
finished sourcing nvim_exec2() called at /Users/hanifmuhammad/.config/nvim/init.lua:0
continuing in /Users/hanifmuhammad/.config/nvim/init.lua
line 0: sourcing "nvim_exec2() called at /Users/hanifmuhammad/.config/nvim/init.lua:0"
line 1: sourcing "/Users/hanifmuhammad/.local/share/nvim/lazy/LuaSnip/plugin/luasnip.lua"
finished sourcing /Users/hanifmuhammad/.local/share/nvim/lazy/LuaSnip/plugin/luasnip.lua
continuing in nvim_exec2() called at /Users/hanifmuhammad/.config/nvim/init.lua:0
finished sourcing nvim_exec2() called at /Users/hanifmuhammad/.config/nvim/init.lua:0
continuing in /Users/hanifmuhammad/.config/nvim/init.lua
line 0: sourcing "nvim_exec2() called at /Users/hanifmuhammad/.config/nvim/init.lua:0"
line 1: sourcing "/Users/hanifmuhammad/.local/share/nvim/lazy/LuaSnip/plugin/luasnip.vim"
finished sourcing /Users/hanifmuhammad/.local/share/nvim/lazy/LuaSnip/plugin/luasnip.vim
continuing in nvim_exec2() called at /Users/hanifmuhammad/.config/nvim/init.lua:0
finished sourcing nvim_exec2() called at /Users/hanifmuhammad/.config/nvim/init.lua:0
continuing in /Users/hanifmuhammad/.config/nvim/init.lua
line 0: sourcing "nvim_exec2() called at /Users/hanifmuhammad/.config/nvim/init.lua:0"
finished sourcing nvim_exec2() called at /Users/hanifmuhammad/.config/nvim/init.lua:0
continuing in /Users/hanifmuhammad/.config/nvim/init.lua
line 0: sourcing "nvim_exec2() called at /Users/hanifmuhammad/.config/nvim/init.lua:0"
finished sourcing nvim_exec2() called at /Users/hanifmuhammad/.config/nvim/init.lua:0
continuing in /Users/hanifmuhammad/.config/nvim/init.lua
line 0: sourcing "nvim_exec2() called at /Users/hanifmuhammad/.config/nvim/init.lua:0"
finished sourcing nvim_exec2() called at /Users/hanifmuhammad/.config/nvim/init.lua:0
continuing in /Users/hanifmuhammad/.config/nvim/init.lua
line 0: sourcing "nvim_exec2() called at /Users/hanifmuhammad/.config/nvim/init.lua:0"
finished sourcing nvim_exec2() called at /Users/hanifmuhammad/.config/nvim/init.lua:0
continuing in /Users/hanifmuhammad/.config/nvim/init.lua
line 0: sourcing "nvim_exec2() called at /Users/hanifmuhammad/.config/nvim/init.lua:0"
line 1: sourcing "/Users/hanifmuhammad/.local/share/nvim/lazy/undotree/plugin/undotree.vim"
finished sourcing /Users/hanifmuhammad/.local/share/nvim/lazy/undotree/plugin/undotree.vim
continuing in nvim_exec2() called at /Users/hanifmuhammad/.config/nvim/init.lua:0
finished sourcing nvim_exec2() called at /Users/hanifmuhammad/.config/nvim/init.lua:0
continuing in /Users/hanifmuhammad/.config/nvim/init.lua
line 0: sourcing "nvim_exec2() called at /Users/hanifmuhammad/.config/nvim/init.lua:0"
finished sourcing nvim_exec2() called at /Users/hanifmuhammad/.config/nvim/init.lua:0
continuing in /Users/hanifmuhammad/.config/nvim/init.lua
line 0: sourcing "nvim_exec2() called at /Users/hanifmuhammad/.config/nvim/init.lua:0"
finished sourcing nvim_exec2() called at /Users/hanifmuhammad/.config/nvim/init.lua:0
continuing in /Users/hanifmuhammad/.config/nvim/init.lua
line 0: sourcing "nvim_exec2() called at /Users/hanifmuhammad/.config/nvim/init.lua:0"
line 1: sourcing "/Users/hanifmuhammad/.local/share/nvim/lazy/vim-visual-multi/plugin/visual-multi.vim"
line 65: sourcing "/Users/hanifmuhammad/.local/share/nvim/lazy/vim-visual-multi/autoload/vm/plugs.vim"
finished sourcing /Users/hanifmuhammad/.local/share/nvim/lazy/vim-visual-multi/autoload/vm/plugs.vim
continuing in /Users/hanifmuhammad/.local/share/nvim/lazy/vim-visual-multi/plugin/visual-multi.vim
line 66: sourcing "/Users/hanifmuhammad/.local/share/nvim/lazy/vim-visual-multi/autoload/vm/maps.vim"
finished sourcing /Users/hanifmuhammad/.local/share/nvim/lazy/vim-visual-multi/autoload/vm/maps.vim
continuing in /Users/hanifmuhammad/.local/share/nvim/lazy/vim-visual-multi/plugin/visual-multi.vim
line 13: sourcing "/Users/hanifmuhammad/.local/share/nvim/lazy/vim-visual-multi/autoload/vm/maps/all.vim"
finished sourcing /Users/hanifmuhammad/.local/share/nvim/lazy/vim-visual-multi/autoload/vm/maps/all.vim
continuing in <SNR>69_build_permanent_maps
finished sourcing /Users/hanifmuhammad/.local/share/nvim/lazy/vim-visual-multi/plugin/visual-multi.vim
continuing in nvim_exec2() called at /Users/hanifmuhammad/.config/nvim/init.lua:0
finished sourcing nvim_exec2() called at /Users/hanifmuhammad/.config/nvim/init.lua:0
continuing in /Users/hanifmuhammad/.config/nvim/init.lua
line 0: sourcing "nvim_exec2() called at /Users/hanifmuhammad/.config/nvim/init.lua:0"
finished sourcing nvim_exec2() called at /Users/hanifmuhammad/.config/nvim/init.lua:0
continuing in /Users/hanifmuhammad/.config/nvim/init.lua
line 0: sourcing "nvim_exec2() called at /Users/hanifmuhammad/.config/nvim/init.lua:0"
finished sourcing nvim_exec2() called at /Users/hanifmuhammad/.config/nvim/init.lua:0
continuing in /Users/hanifmuhammad/.config/nvim/init.lua
line 0: sourcing "nvim_exec2() called at /Users/hanifmuhammad/.config/nvim/init.lua:0"
line 1: sourcing "/Users/hanifmuhammad/.local/share/nvim/lazy/bullets.vim/plugin/bullets.vim"
finished sourcing /Users/hanifmuhammad/.local/share/nvim/lazy/bullets.vim/plugin/bullets.vim
continuing in nvim_exec2() called at /Users/hanifmuhammad/.config/nvim/init.lua:0
finished sourcing nvim_exec2() called at /Users/hanifmuhammad/.config/nvim/init.lua:0
continuing in /Users/hanifmuhammad/.config/nvim/init.lua
line 0: sourcing "nvim_exec2() called at /Users/hanifmuhammad/.config/nvim/init.lua:0"
finished sourcing nvim_exec2() called at /Users/hanifmuhammad/.config/nvim/init.lua:0
continuing in /Users/hanifmuhammad/.config/nvim/init.lua
line 0: sourcing "nvim_exec2() called at /Users/hanifmuhammad/.config/nvim/init.lua:0"
finished sourcing nvim_exec2() called at /Users/hanifmuhammad/.config/nvim/init.lua:0
continuing in /Users/hanifmuhammad/.config/nvim/init.lua
line 0: sourcing "nvim_exec2() called at /Users/hanifmuhammad/.config/nvim/init.lua:0"
finished sourcing nvim_exec2() called at /Users/hanifmuhammad/.config/nvim/init.lua:0
continuing in /Users/hanifmuhammad/.config/nvim/init.lua
line 0: sourcing "nvim_exec2() called at /Users/hanifmuhammad/.config/nvim/init.lua:0"
finished sourcing nvim_exec2() called at /Users/hanifmuhammad/.config/nvim/init.lua:0
continuing in /Users/hanifmuhammad/.config/nvim/init.lua
line 0: sourcing "nvim_exec2() called at /Users/hanifmuhammad/.config/nvim/init.lua:0"
line 1: sourcing "/Users/hanifmuhammad/.local/share/nvim/lazy/mason-tool-installer.nvim/plugin/mason-tool-installer.lua"
finished sourcing /Users/hanifmuhammad/.local/share/nvim/lazy/mason-tool-installer.nvim/plugin/mason-tool-installer.lua
continuing in nvim_exec2() called at /Users/hanifmuhammad/.config/nvim/init.lua:0
finished sourcing nvim_exec2() called at /Users/hanifmuhammad/.config/nvim/init.lua:0
continuing in /Users/hanifmuhammad/.config/nvim/init.lua
line 0: sourcing "nvim_exec2() called at /Users/hanifmuhammad/.config/nvim/init.lua:0"
finished sourcing nvim_exec2() called at /Users/hanifmuhammad/.config/nvim/init.lua:0
continuing in /Users/hanifmuhammad/.config/nvim/init.lua
line 0: sourcing "nvim_exec2() called at /Users/hanifmuhammad/.config/nvim/init.lua:0"
finished sourcing nvim_exec2() called at /Users/hanifmuhammad/.config/nvim/init.lua:0
continuing in /Users/hanifmuhammad/.config/nvim/init.lua
line 0: sourcing "nvim_exec2() called at /Users/hanifmuhammad/.config/nvim/init.lua:0"
finished sourcing nvim_exec2() called at /Users/hanifmuhammad/.config/nvim/init.lua:0
continuing in /Users/hanifmuhammad/.config/nvim/init.lua
line 0: sourcing "nvim_exec2() called at /Users/hanifmuhammad/.config/nvim/init.lua:0"
finished sourcing nvim_exec2() called at /Users/hanifmuhammad/.config/nvim/init.lua:0
continuing in /Users/hanifmuhammad/.config/nvim/init.lua
line 0: sourcing "nvim_exec2() called at /Users/hanifmuhammad/.config/nvim/init.lua:0"
finished sourcing nvim_exec2() called at /Users/hanifmuhammad/.config/nvim/init.lua:0
continuing in /Users/hanifmuhammad/.config/nvim/init.lua
line 0: sourcing "nvim_exec2() called at /Users/hanifmuhammad/.config/nvim/init.lua:0"
finished sourcing nvim_exec2() called at /Users/hanifmuhammad/.config/nvim/init.lua:0
continuing in /Users/hanifmuhammad/.config/nvim/init.lua
line 0: sourcing "nvim_exec2() called at /Users/hanifmuhammad/.config/nvim/init.lua:0"
finished sourcing nvim_exec2() called at /Users/hanifmuhammad/.config/nvim/init.lua:0
continuing in /Users/hanifmuhammad/.config/nvim/init.lua
line 0: sourcing "nvim_exec2() called at /Users/hanifmuhammad/.config/nvim/init.lua:0"
finished sourcing nvim_exec2() called at /Users/hanifmuhammad/.config/nvim/init.lua:0
continuing in /Users/hanifmuhammad/.config/nvim/init.lua
line 0: sourcing "nvim_exec2() called at /Users/hanifmuhammad/.config/nvim/init.lua:0"
finished sourcing nvim_exec2() called at /Users/hanifmuhammad/.config/nvim/init.lua:0
continuing in /Users/hanifmuhammad/.config/nvim/init.lua
line 0: sourcing "nvim_exec2() called at /Users/hanifmuhammad/.config/nvim/init.lua:0"
finished sourcing nvim_exec2() called at /Users/hanifmuhammad/.config/nvim/init.lua:0
continuing in /Users/hanifmuhammad/.config/nvim/init.lua
line 0: sourcing "nvim_exec2() called at /Users/hanifmuhammad/.config/nvim/init.lua:0"
finished sourcing nvim_exec2() called at /Users/hanifmuhammad/.config/nvim/init.lua:0
continuing in /Users/hanifmuhammad/.config/nvim/init.lua
line 0: sourcing "nvim_exec2() called at /Users/hanifmuhammad/.config/nvim/init.lua:0"
finished sourcing nvim_exec2() called at /Users/hanifmuhammad/.config/nvim/init.lua:0
continuing in /Users/hanifmuhammad/.config/nvim/init.lua
line 0: sourcing "nvim_exec2() called at /Users/hanifmuhammad/.config/nvim/init.lua:0"
finished sourcing nvim_exec2() called at /Users/hanifmuhammad/.config/nvim/init.lua:0
continuing in /Users/hanifmuhammad/.config/nvim/init.lua
line 0: sourcing "nvim_exec2() called at /Users/hanifmuhammad/.config/nvim/init.lua:0"
finished sourcing nvim_exec2() called at /Users/hanifmuhammad/.config/nvim/init.lua:0
continuing in /Users/hanifmuhammad/.config/nvim/init.lua
line 0: sourcing "nvim_exec2() called at /Users/hanifmuhammad/.config/nvim/init.lua:0"
line 1: sourcing "/Users/hanifmuhammad/.local/share/nvim/lazy/nvim-vtsls/plugin/init.lua"
finished sourcing /Users/hanifmuhammad/.local/share/nvim/lazy/nvim-vtsls/plugin/init.lua
continuing in nvim_exec2() called at /Users/hanifmuhammad/.config/nvim/init.lua:0
finished sourcing nvim_exec2() called at /Users/hanifmuhammad/.config/nvim/init.lua:0
continuing in /Users/hanifmuhammad/.config/nvim/init.lua
line 0: sourcing "nvim_exec2() called at /Users/hanifmuhammad/.config/nvim/init.lua:0"
finished sourcing nvim_exec2() called at /Users/hanifmuhammad/.config/nvim/init.lua:0
continuing in /Users/hanifmuhammad/.config/nvim/init.lua
line 0: sourcing "nvim_exec2() called at /Users/hanifmuhammad/.config/nvim/init.lua:0"
finished sourcing nvim_exec2() called at /Users/hanifmuhammad/.config/nvim/init.lua:0
continuing in /Users/hanifmuhammad/.config/nvim/init.lua
line 0: sourcing "nvim_exec2() called at /Users/hanifmuhammad/.config/nvim/init.lua:0"
line 1: sourcing "/Users/hanifmuhammad/.local/share/nvim/lazy/nvim-lspconfig/plugin/lspconfig.lua"
finished sourcing /Users/hanifmuhammad/.local/share/nvim/lazy/nvim-lspconfig/plugin/lspconfig.lua
continuing in nvim_exec2() called at /Users/hanifmuhammad/.config/nvim/init.lua:0
finished sourcing nvim_exec2() called at /Users/hanifmuhammad/.config/nvim/init.lua:0
continuing in /Users/hanifmuhammad/.config/nvim/init.lua
line 0: sourcing "nvim_exec2() called at /Users/hanifmuhammad/.config/nvim/init.lua:0"
finished sourcing nvim_exec2() called at /Users/hanifmuhammad/.config/nvim/init.lua:0
continuing in /Users/hanifmuhammad/.config/nvim/init.lua
line 0: sourcing "nvim_exec2() called at /Users/hanifmuhammad/.config/nvim/init.lua:0"
finished sourcing nvim_exec2() called at /Users/hanifmuhammad/.config/nvim/init.lua:0
continuing in /Users/hanifmuhammad/.config/nvim/init.lua
line 0: sourcing "nvim_exec2() called at /Users/hanifmuhammad/.config/nvim/init.lua:0"
finished sourcing nvim_exec2() called at /Users/hanifmuhammad/.config/nvim/init.lua:0
continuing in /Users/hanifmuhammad/.config/nvim/init.lua
line 0: sourcing "nvim_exec2() called at /Users/hanifmuhammad/.config/nvim/init.lua:0"
line 1: sourcing "/Users/hanifmuhammad/.local/share/nvim/lazy/guihua.lua/ftdetect/guihua.vim"
finished sourcing /Users/hanifmuhammad/.local/share/nvim/lazy/guihua.lua/ftdetect/guihua.vim
continuing in nvim_exec2() called at /Users/hanifmuhammad/.config/nvim/init.lua:0
finished sourcing nvim_exec2() called at /Users/hanifmuhammad/.config/nvim/init.lua:0
continuing in /Users/hanifmuhammad/.config/nvim/init.lua
line 0: sourcing "nvim_exec2() called at /Users/hanifmuhammad/.config/nvim/init.lua:0"
finished sourcing nvim_exec2() called at /Users/hanifmuhammad/.config/nvim/init.lua:0
continuing in /Users/hanifmuhammad/.config/nvim/init.lua
line 0: sourcing "nvim_exec2() called at /Users/hanifmuhammad/.config/nvim/init.lua:0"
finished sourcing nvim_exec2() called at /Users/hanifmuhammad/.config/nvim/init.lua:0
continuing in /Users/hanifmuhammad/.config/nvim/init.lua
line 0: sourcing "nvim_exec2() called at /Users/hanifmuhammad/.config/nvim/init.lua:0"
finished sourcing nvim_exec2() called at /Users/hanifmuhammad/.config/nvim/init.lua:0
continuing in /Users/hanifmuhammad/.config/nvim/init.lua
line 0: sourcing "nvim_exec2() called at /Users/hanifmuhammad/.config/nvim/init.lua:0"
finished sourcing nvim_exec2() called at /Users/hanifmuhammad/.config/nvim/init.lua:0
continuing in /Users/hanifmuhammad/.config/nvim/init.lua
line 0: sourcing "nvim_exec2() called at /Users/hanifmuhammad/.config/nvim/init.lua:0"
finished sourcing nvim_exec2() called at /Users/hanifmuhammad/.config/nvim/init.lua:0
continuing in /Users/hanifmuhammad/.config/nvim/init.lua
line 0: sourcing "nvim_exec2() called at /Users/hanifmuhammad/.config/nvim/init.lua:0"
finished sourcing nvim_exec2() called at /Users/hanifmuhammad/.config/nvim/init.lua:0
continuing in /Users/hanifmuhammad/.config/nvim/init.lua
line 0: sourcing "nvim_exec2() called at /Users/hanifmuhammad/.config/nvim/init.lua:0"
finished sourcing nvim_exec2() called at /Users/hanifmuhammad/.config/nvim/init.lua:0
continuing in /Users/hanifmuhammad/.config/nvim/init.lua
not found in runtime path: "package.jsonc"
line 0: sourcing "nvim_exec2() called at /Users/hanifmuhammad/.config/nvim/init.lua:0"
line 1: sourcing "/Users/hanifmuhammad/nvim-macos-arm64/share/nvim/runtime/plugin/editorconfig.lua"
finished sourcing /Users/hanifmuhammad/nvim-macos-arm64/share/nvim/runtime/plugin/editorconfig.lua
continuing in nvim_exec2() called at /Users/hanifmuhammad/.config/nvim/init.lua:0
finished sourcing nvim_exec2() called at /Users/hanifmuhammad/.config/nvim/init.lua:0
continuing in /Users/hanifmuhammad/.config/nvim/init.lua
line 0: sourcing "nvim_exec2() called at /Users/hanifmuhammad/.config/nvim/init.lua:0"
line 1: sourcing "/Users/hanifmuhammad/nvim-macos-arm64/share/nvim/runtime/plugin/gzip.vim"
finished sourcing /Users/hanifmuhammad/nvim-macos-arm64/share/nvim/runtime/plugin/gzip.vim
continuing in nvim_exec2() called at /Users/hanifmuhammad/.config/nvim/init.lua:0
finished sourcing nvim_exec2() called at /Users/hanifmuhammad/.config/nvim/init.lua:0
continuing in /Users/hanifmuhammad/.config/nvim/init.lua
line 0: sourcing "nvim_exec2() called at /Users/hanifmuhammad/.config/nvim/init.lua:0"
line 1: sourcing "/Users/hanifmuhammad/nvim-macos-arm64/share/nvim/runtime/plugin/man.lua"
finished sourcing /Users/hanifmuhammad/nvim-macos-arm64/share/nvim/runtime/plugin/man.lua
continuing in nvim_exec2() called at /Users/hanifmuhammad/.config/nvim/init.lua:0
finished sourcing nvim_exec2() called at /Users/hanifmuhammad/.config/nvim/init.lua:0
continuing in /Users/hanifmuhammad/.config/nvim/init.lua
line 0: sourcing "nvim_exec2() called at /Users/hanifmuhammad/.config/nvim/init.lua:0"
line 1: sourcing "/Users/hanifmuhammad/nvim-macos-arm64/share/nvim/runtime/plugin/matchit.vim"
not found in 'packpath': "pack/*/start/matchit"
line 3: sourcing "/Users/hanifmuhammad/nvim-macos-arm64/share/nvim/runtime/pack/dist/opt/matchit/plugin/matchit.vim"
finished sourcing /Users/hanifmuhammad/nvim-macos-arm64/share/nvim/runtime/pack/dist/opt/matchit/plugin/matchit.vim
continuing in /Users/hanifmuhammad/nvim-macos-arm64/share/nvim/runtime/plugin/matchit.vim
finished sourcing /Users/hanifmuhammad/nvim-macos-arm64/share/nvim/runtime/plugin/matchit.vim
continuing in nvim_exec2() called at /Users/hanifmuhammad/.config/nvim/init.lua:0
finished sourcing nvim_exec2() called at /Users/hanifmuhammad/.config/nvim/init.lua:0
continuing in /Users/hanifmuhammad/.config/nvim/init.lua
line 0: sourcing "nvim_exec2() called at /Users/hanifmuhammad/.config/nvim/init.lua:0"
line 1: sourcing "/Users/hanifmuhammad/nvim-macos-arm64/share/nvim/runtime/plugin/matchparen.vim"
finished sourcing /Users/hanifmuhammad/nvim-macos-arm64/share/nvim/runtime/plugin/matchparen.vim
continuing in nvim_exec2() called at /Users/hanifmuhammad/.config/nvim/init.lua:0
finished sourcing nvim_exec2() called at /Users/hanifmuhammad/.config/nvim/init.lua:0
continuing in /Users/hanifmuhammad/.config/nvim/init.lua
line 0: sourcing "nvim_exec2() called at /Users/hanifmuhammad/.config/nvim/init.lua:0"
line 1: sourcing "/Users/hanifmuhammad/nvim-macos-arm64/share/nvim/runtime/plugin/netrwPlugin.vim"
finished sourcing /Users/hanifmuhammad/nvim-macos-arm64/share/nvim/runtime/plugin/netrwPlugin.vim
continuing in nvim_exec2() called at /Users/hanifmuhammad/.config/nvim/init.lua:0
finished sourcing nvim_exec2() called at /Users/hanifmuhammad/.config/nvim/init.lua:0
continuing in /Users/hanifmuhammad/.config/nvim/init.lua
line 0: sourcing "nvim_exec2() called at /Users/hanifmuhammad/.config/nvim/init.lua:0"
line 1: sourcing "/Users/hanifmuhammad/nvim-macos-arm64/share/nvim/runtime/plugin/osc52.lua"
finished sourcing /Users/hanifmuhammad/nvim-macos-arm64/share/nvim/runtime/plugin/osc52.lua
continuing in nvim_exec2() called at /Users/hanifmuhammad/.config/nvim/init.lua:0
finished sourcing nvim_exec2() called at /Users/hanifmuhammad/.config/nvim/init.lua:0
continuing in /Users/hanifmuhammad/.config/nvim/init.lua
line 0: sourcing "nvim_exec2() called at /Users/hanifmuhammad/.config/nvim/init.lua:0"
line 1: sourcing "/Users/hanifmuhammad/nvim-macos-arm64/share/nvim/runtime/plugin/rplugin.vim"
finished sourcing /Users/hanifmuhammad/nvim-macos-arm64/share/nvim/runtime/plugin/rplugin.vim
continuing in nvim_exec2() called at /Users/hanifmuhammad/.config/nvim/init.lua:0
finished sourcing nvim_exec2() called at /Users/hanifmuhammad/.config/nvim/init.lua:0
continuing in /Users/hanifmuhammad/.config/nvim/init.lua
line 0: sourcing "nvim_exec2() called at /Users/hanifmuhammad/.config/nvim/init.lua:0"
line 1: sourcing "/Users/hanifmuhammad/nvim-macos-arm64/share/nvim/runtime/plugin/shada.vim"
finished sourcing /Users/hanifmuhammad/nvim-macos-arm64/share/nvim/runtime/plugin/shada.vim
continuing in nvim_exec2() called at /Users/hanifmuhammad/.config/nvim/init.lua:0
finished sourcing nvim_exec2() called at /Users/hanifmuhammad/.config/nvim/init.lua:0
continuing in /Users/hanifmuhammad/.config/nvim/init.lua
line 0: sourcing "nvim_exec2() called at /Users/hanifmuhammad/.config/nvim/init.lua:0"
line 1: sourcing "/Users/hanifmuhammad/nvim-macos-arm64/share/nvim/runtime/plugin/spellfile.vim"
finished sourcing /Users/hanifmuhammad/nvim-macos-arm64/share/nvim/runtime/plugin/spellfile.vim
continuing in nvim_exec2() called at /Users/hanifmuhammad/.config/nvim/init.lua:0
finished sourcing nvim_exec2() called at /Users/hanifmuhammad/.config/nvim/init.lua:0
continuing in /Users/hanifmuhammad/.config/nvim/init.lua
line 0: sourcing "nvim_exec2() called at /Users/hanifmuhammad/.config/nvim/init.lua:0"
line 1: sourcing "/Users/hanifmuhammad/nvim-macos-arm64/share/nvim/runtime/plugin/tarPlugin.vim"
finished sourcing /Users/hanifmuhammad/nvim-macos-arm64/share/nvim/runtime/plugin/tarPlugin.vim
continuing in nvim_exec2() called at /Users/hanifmuhammad/.config/nvim/init.lua:0
finished sourcing nvim_exec2() called at /Users/hanifmuhammad/.config/nvim/init.lua:0
continuing in /Users/hanifmuhammad/.config/nvim/init.lua
line 0: sourcing "nvim_exec2() called at /Users/hanifmuhammad/.config/nvim/init.lua:0"
line 1: sourcing "/Users/hanifmuhammad/nvim-macos-arm64/share/nvim/runtime/plugin/tohtml.lua"
finished sourcing /Users/hanifmuhammad/nvim-macos-arm64/share/nvim/runtime/plugin/tohtml.lua
continuing in nvim_exec2() called at /Users/hanifmuhammad/.config/nvim/init.lua:0
finished sourcing nvim_exec2() called at /Users/hanifmuhammad/.config/nvim/init.lua:0
continuing in /Users/hanifmuhammad/.config/nvim/init.lua
line 0: sourcing "nvim_exec2() called at /Users/hanifmuhammad/.config/nvim/init.lua:0"
line 1: sourcing "/Users/hanifmuhammad/nvim-macos-arm64/share/nvim/runtime/plugin/tutor.vim"
finished sourcing /Users/hanifmuhammad/nvim-macos-arm64/share/nvim/runtime/plugin/tutor.vim
continuing in nvim_exec2() called at /Users/hanifmuhammad/.config/nvim/init.lua:0
finished sourcing nvim_exec2() called at /Users/hanifmuhammad/.config/nvim/init.lua:0
continuing in /Users/hanifmuhammad/.config/nvim/init.lua
line 0: sourcing "nvim_exec2() called at /Users/hanifmuhammad/.config/nvim/init.lua:0"
line 1: sourcing "/Users/hanifmuhammad/nvim-macos-arm64/share/nvim/runtime/plugin/zipPlugin.vim"
finished sourcing /Users/hanifmuhammad/nvim-macos-arm64/share/nvim/runtime/plugin/zipPlugin.vim
continuing in nvim_exec2() called at /Users/hanifmuhammad/.config/nvim/init.lua:0
finished sourcing nvim_exec2() called at /Users/hanifmuhammad/.config/nvim/init.lua:0
continuing in /Users/hanifmuhammad/.config/nvim/init.lua
line 0: sourcing "nvim_exec2() called at /Users/hanifmuhammad/.config/nvim/init.lua:0"
line 1: sourcing "/Users/hanifmuhammad/.local/share/nvim/lazy/cmp_luasnip/after/plugin/cmp_luasnip.lua"
finished sourcing /Users/hanifmuhammad/.local/share/nvim/lazy/cmp_luasnip/after/plugin/cmp_luasnip.lua
continuing in nvim_exec2() called at /Users/hanifmuhammad/.config/nvim/init.lua:0
finished sourcing nvim_exec2() called at /Users/hanifmuhammad/.config/nvim/init.lua:0
continuing in /Users/hanifmuhammad/.config/nvim/init.lua
line 0: sourcing "nvim_exec2() called at /Users/hanifmuhammad/.config/nvim/init.lua:0"
line 1: sourcing "/Users/hanifmuhammad/.local/share/nvim/lazy/cmp-cmdline/after/plugin/cmp_cmdline.lua"
finished sourcing /Users/hanifmuhammad/.local/share/nvim/lazy/cmp-cmdline/after/plugin/cmp_cmdline.lua
continuing in nvim_exec2() called at /Users/hanifmuhammad/.config/nvim/init.lua:0
finished sourcing nvim_exec2() called at /Users/hanifmuhammad/.config/nvim/init.lua:0
continuing in /Users/hanifmuhammad/.config/nvim/init.lua
line 0: sourcing "nvim_exec2() called at /Users/hanifmuhammad/.config/nvim/init.lua:0"
line 1: sourcing "/Users/hanifmuhammad/.local/share/nvim/lazy/cmp-path/after/plugin/cmp_path.lua"
finished sourcing /Users/hanifmuhammad/.local/share/nvim/lazy/cmp-path/after/plugin/cmp_path.lua
continuing in nvim_exec2() called at /Users/hanifmuhammad/.config/nvim/init.lua:0
finished sourcing nvim_exec2() called at /Users/hanifmuhammad/.config/nvim/init.lua:0
continuing in /Users/hanifmuhammad/.config/nvim/init.lua
line 0: sourcing "nvim_exec2() called at /Users/hanifmuhammad/.config/nvim/init.lua:0"
line 1: sourcing "/Users/hanifmuhammad/.local/share/nvim/lazy/cmp-buffer/after/plugin/cmp_buffer.lua"
finished sourcing /Users/hanifmuhammad/.local/share/nvim/lazy/cmp-buffer/after/plugin/cmp_buffer.lua
continuing in nvim_exec2() called at /Users/hanifmuhammad/.config/nvim/init.lua:0
finished sourcing nvim_exec2() called at /Users/hanifmuhammad/.config/nvim/init.lua:0
continuing in /Users/hanifmuhammad/.config/nvim/init.lua
line 0: sourcing "nvim_exec2() called at /Users/hanifmuhammad/.config/nvim/init.lua:0"
line 1: sourcing "/Users/hanifmuhammad/.local/share/nvim/lazy/cmp-nvim-lsp/after/plugin/cmp_nvim_lsp.lua"
finished sourcing /Users/hanifmuhammad/.local/share/nvim/lazy/cmp-nvim-lsp/after/plugin/cmp_nvim_lsp.lua
continuing in nvim_exec2() called at /Users/hanifmuhammad/.config/nvim/init.lua:0
finished sourcing nvim_exec2() called at /Users/hanifmuhammad/.config/nvim/init.lua:0
continuing in /Users/hanifmuhammad/.config/nvim/init.lua
finished sourcing /Users/hanifmuhammad/.config/nvim/init.lua
sourcing "/Users/hanifmuhammad/nvim-macos-arm64/share/nvim/runtime/filetype.lua"
finished sourcing /Users/hanifmuhammad/nvim-macos-arm64/share/nvim/runtime/filetype.lua
sourcing "/Users/hanifmuhammad/nvim-macos-arm64/share/nvim/runtime/syntax/syntax.vim"
line 20: sourcing "/Users/hanifmuhammad/nvim-macos-arm64/share/nvim/runtime/syntax/synload.vim"
finished sourcing /Users/hanifmuhammad/nvim-macos-arm64/share/nvim/runtime/syntax/synload.vim
continuing in /Users/hanifmuhammad/nvim-macos-arm64/share/nvim/runtime/syntax/syntax.vim
finished sourcing /Users/hanifmuhammad/nvim-macos-arm64/share/nvim/runtime/syntax/syntax.vim
Reading ShaDa file "/Users/hanifmuhammad/.local/state/nvim/shada/main.shada" info marks oldfiles
sourcing "nvim_exec2()"
finished sourcing nvim_exec2()
sourcing "nvim_exec2()"
finished sourcing nvim_exec2()
line 0: sourcing "nvim_exec2() called at User Autocommands for "VeryLazy":0"
finished sourcing nvim_exec2() called at User Autocommands for "VeryLazy":0
continuing in User Autocommands for "VeryLazy"
line 0: sourcing "nvim_exec2() called at User Autocommands for "VeryLazy":0"
finished sourcing nvim_exec2() called at User Autocommands for "VeryLazy":0
continuing in User Autocommands for "VeryLazy"


--- Terminal info --- {{{
&term: tmux-256color
Description: tmux with 256 colors
Aliases: tmux-256color
Boolean capabilities:
  auto_left_margin          bw         = false
  auto_right_margin         am         = true
  no_esc_ctlc               xsb        = false
  ceol_standout_glitch      xhp        = false
  eat_newline_glitch        xenl       = true
  erase_overstrike          eo         = false
  generic_type              gn         = false
  hard_copy                 hc         = false
  has_meta_key              km         = true
  has_status_line           hs         = true
  insert_null_glitch        in         = false
  memory_above              da         = false
  memory_below              db         = false
  move_insert_mode          mir        = true
  move_standout_mode        msgr       = true
  over_strike               os         = false
  status_line_esc_ok        eslok      = false
  dest_tabs_magic_smso      xt         = false
  tilde_glitch              hz         = false
  transparent_underline     ul         = false
  xon_xoff                  xon        = false
  needs_xon_xoff            nxon       = false
  prtr_silent               mc5i       = false
  hard_cursor               chts       = false
  non_rev_rmcup             nrrmc      = false
  no_pad_char               npc        = false
  non_dest_scroll_region    ndscr      = false
  can_change                ccc        = false
  back_color_erase          bce        = false
  hue_lightness_saturation  hls        = false
  col_addr_glitch           xhpa       = false
  cr_cancels_micro_mode     crxm       = false
  has_print_wheel           daisy      = false
  row_addr_glitch           xvpa       = false
  semi_auto_right_margin    sam        = false
  cpi_changes_res           cpix       = false
  lpi_changes_res           lpix       = false
  backspaces_with_bs        OTbs       = true
  crt_no_scrolling          OTns       = false
  no_correctly_working_cr   OTnc       = false
  gnu_has_meta_key          OTMT       = false
  linefeed_is_newline       OTNL       = false
  has_hardware_tabs         OTpt       = true
  return_does_clr_eol       OTxr       = false
Numeric capabilities:
  columns                   cols       = 80
  init_tabs                 it         = 8
  lines                     lines      = 24
  lines_of_memory           lm         = -1
  magic_cookie_glitch       xmc        = -1
  padding_baud_rate         pb         = -1
  virtual_terminal          vt         = -1
  width_status_line         wsl        = -1
  num_labels                nlab       = -1
  label_height              lh         = -1
  label_width               lw         = -1
  max_attributes            ma         = -1
  maximum_windows           wnum       = -1
  max_colors                colors     = 256
  max_pairs                 pairs      = 32767
  no_color_video            ncv        = -1
  buffer_capacity           bufsz      = -1
  dot_vert_spacing          spinv      = -1
  dot_horz_spacing          spinh      = -1
  max_micro_address         maddr      = -1
  max_micro_jump            mjump      = -1
  micro_col_size            mcs        = -1
  micro_line_size           mls        = -1
  number_of_pins            npins      = -1
  output_res_char           orc        = -1
  output_res_line           orl        = -1
  output_res_horz_inch      orhi       = -1
  output_res_vert_inch      orvi       = -1
  print_rate                cps        = -1
  wide_char_size            widcs      = -1
  buttons                   btns       = -1
  bit_image_entwining       bitwin     = -1
  bit_image_type            bitype     = -1
  magic_cookie_glitch_ul    OTug       = -1
  carriage_return_delay     OTdC       = -1
  new_line_delay            OTdN       = -1
  backspace_delay           OTdB       = -1
  horizontal_tab_delay      OTdT       = -1
  number_of_function_keys   OTkn       = -1
String capabilities:
  back_tab                  cbt        = ^[[Z
  bell                      bel        = ^G
  carriage_return           cr         = ^M
  change_scroll_region      csr        = ^[[%i%p1%d;%p2%dr
  clear_all_tabs            tbc        = ^[[3g
  clear_screen              clear      = ^[[H^[[J
  clr_eol                   el         = ^[[K
  clr_eos                   ed         = ^[[J
  cursor_address            cup        = ^[[%i%p1%d;%p2%dH
  cursor_down               cud1       = ^@
  cursor_home               home       = ^[[H
  cursor_invisible          civis      = ^[[?25l
  cursor_left               cub1       = ^H
  cursor_normal             cnorm      = ^[[34h^[[?25h
  cursor_right              cuf1       = ^[[C
  cursor_up                 cuu1       = ^[M
  cursor_visible            cvvis      = ^[[34l
  delete_character          dch1       = ^[[P
  delete_line               dl1        = ^[[M
  dis_status_line           dsl        = ^[]0;^G
  enter_alt_charset_mode    smacs      = ^N
  enter_blink_mode          blink      = ^[[5m
  enter_bold_mode           bold       = ^[[1m
  enter_ca_mode             smcup      = ^[[?1049h
  enter_dim_mode            dim        = ^[[2m
  enter_insert_mode         smir       = ^[[4h
  enter_reverse_mode        rev        = ^[[7m
  enter_standout_mode       smso       = ^[[7m
  enter_underline_mode      smul       = ^[[4m
  exit_alt_charset_mode     rmacs      = ^O
  exit_attribute_mode       sgr0       = ^[[m^O
  exit_ca_mode              rmcup      = ^[[?1049l
  exit_insert_mode          rmir       = ^[[4l
  exit_standout_mode        rmso       = ^[[27m
  exit_underline_mode       rmul       = ^[[24m
  flash_screen              flash      = ^[g
  from_status_line          fsl        = ^G
  init_2string              is2        = ^[)0
  insert_line               il1        = ^[[L
  key_backspace             kbs        = ^H
  key_dc                    kdch1      = ^[[3~
  key_down                  kcud1      = ^[OB
  key_f1                    kf1        = ^[OP
  key_f10                   kf10       = ^[[21~
  key_f2                    kf2        = ^[OQ
  key_f3                    kf3        = ^[OR
  key_f4                    kf4        = ^[OS
  key_f5                    kf5        = ^[[15~
  key_f6                    kf6        = ^[[17~
  key_f7                    kf7        = ^[[18~
  key_f8                    kf8        = ^[[19~
  key_f9                    kf9        = ^[[20~
  key_home                  khome      = ^[[1~
  key_ic                    kich1      = ^[[2~
  key_left                  kcub1      = ^[OD
  key_npage                 knp        = ^[[6~
  key_ppage                 kpp        = ^[[5~
  key_right                 kcuf1      = ^[OC
  key_up                    kcuu1      = ^[OA
  keypad_local              rmkx       = ^[[?1l^[>
  keypad_xmit               smkx       = ^[[?1h^[=
  newline                   nel        = ^[E
  parm_dch                  dch        = ^[[%p1%dP
  parm_delete_line          dl         = ^[[%p1%dM
  parm_down_cursor          cud        = ^[[%p1%dB
  parm_ich                  ich        = ^[[%p1%d@
  parm_insert_line          il         = ^[[%p1%dL
  parm_left_cursor          cub        = ^[[%p1%dD
  parm_right_cursor         cuf        = ^[[%p1%dC
  parm_up_cursor            cuu        = ^[[%p1%dA
  reset_2string             rs2        = ^[c^[[?1000l^[[?25h
  restore_cursor            rc         = ^[8
  save_cursor               sc         = ^[7
  scroll_forward            ind        = ^@
  scroll_reverse            ri         = ^[M
  set_attributes            sgr        = ^[[0%?%p6%t;1%;%?%p1%t;3%;%?%p2%t;4%;%?%p3%t;7%;%?%p4%t;5%;%?%p5%t;2%;m%?%p9%t^N%e^O%;
  set_tab                   hts        = ^[H
  tab                       ht         = 	
  to_status_line            tsl        = ^[]0;
  acs_chars                 acsc       = ++,,--..00``aaffgghhiijjkkllmmnnooppqqrrssttuuvvwwxxyyzz{{||}}~~
  key_btab                  kcbt       = ^[[Z
  ena_acs                   enacs      = ^[(B^[)0
  key_end                   kend       = ^[[4~
  key_f11                   kf11       = ^[[23~
  key_f12                   kf12       = ^[[24~
  clr_bol                   el1        = ^[[1K
  orig_pair                 op         = ^[[39;49m
  enter_italics_mode        sitm       = ^[[3m
  exit_italics_mode         ritm       = ^[[23m
  key_mouse                 kmous      = ^[[M
  set_a_foreground          setaf      = ^[[%?%p1%{8}%<%t3%p1%d%e%p1%{16}%<%t9%p1%{8}%-%d%e38;5;%p1%d%;m
  set_a_background          setab      = ^[[%?%p1%{8}%<%t4%p1%d%e%p1%{16}%<%t10%p1%{8}%-%d%e48;5;%p1%d%;m
Extended boolean capabilities:
  AX                        = true
  G0                        = true
  XT                        = false
Extended numeric capabilities:
  U8                        = 1
Extended string capabilities:
  Cr                        = ^[]112^G
  Cs                        = ^[]12;%p1%s^G
  E0                        = ^[(B
  Ms                        = 
  S0                        = ^[(%p1%c
  Se                        = ^[[2 q
  Ss                        = ^[[%p1%d q
  TS                        = ^[]0;
  kDC3                      = 
  kDC4                      = 
  kDC5                      = 
  kDC6                      = 
  kDC7                      = 
  kDN                       = 
  kDN3                      = 
  kDN4                      = 
  kDN5                      = 
  kDN6                      = 
  kDN7                      = 
  kEND5                     = 
  kHOM5                     = 
  kLFT3                     = 
  kLFT4                     = 
  kLFT5                     = 
  kLFT6                     = 
  kLFT7                     = 
  kRIT3                     = 
  kRIT4                     = 
  kRIT5                     = 
  kRIT6                     = 
  kRIT7                     = 
  kUP                       = 
  ka2                       = 
  kb1                       = 
  kb3                       = 
  kc2                       = 
  ext.enter_altfont_mode    = ^[[11m
  setrgbf                   = ^[[38;2;%p1%d;%p2%d;%p3%dm
  setrgbb                   = ^[[48;2;%p1%d;%p2%d;%p3%dm
  ext.save_title            = ^[[22;0t
  ext.restore_title         = ^[[23;0t
  ext.set_title             = ^[]0;%p2%s^G
  ext.enable_lr_margin      = ^[[?69h
  ext.disable_lr_margin     = ^[[?69l
  ext.enable_bpaste         = ^[[?2004h
  ext.disable_bpaste        = ^[[?2004l
  ext.enable_focus          = ^[[?1004h
  ext.disable_focus         = ^[[?1004l
  ext.enable_mouse          = ^[[?1002h^[[?1006h
  ext.disable_mouse         = ^[[?1002l^[[?1006l
  ext.enable_mouse_move     = ^[[?1003h
  ext.disable_mouse_move    = ^[[?1003l
}}}

sourcing "nvim_exec2()"
finished sourcing nvim_exec2()
sourcing "nvim_exec2()"
finished sourcing nvim_exec2()
sourcing "nvim_exec2()"
finished sourcing nvim_exec2()
sourcing "nvim_exec2()"
finished sourcing nvim_exec2()
sourcing "nvim_exec2()"
finished sourcing nvim_exec2()
sourcing "nvim_exec2()"
finished sourcing nvim_exec2()
sourcing "nvim_exec2()"
finished sourcing nvim_exec2()
sourcing "nvim_exec2()"
finished sourcing nvim_exec2()
sourcing "nvim_exec2()"
finished sourcing nvim_exec2()
line 20: sourcing "/Users/hanifmuhammad/.local/share/nvim/lazy/telescope.nvim/ftplugin/TelescopePrompt.lua"
finished sourcing /Users/hanifmuhammad/.local/share/nvim/lazy/telescope.nvim/ftplugin/TelescopePrompt.lua
continuing in <SNR>2_LoadFTPlugin
not found in runtime path: "indent/TelescopePrompt[.]{vim,lua}"
not found in runtime path: "parser/TelescopePrompt.*"
line 20: sourcing "/Users/hanifmuhammad/.local/share/nvim/lazy/telescope.nvim/ftplugin/TelescopeResults.lua"
finished sourcing /Users/hanifmuhammad/.local/share/nvim/lazy/telescope.nvim/ftplugin/TelescopeResults.lua
continuing in <SNR>2_LoadFTPlugin
not found in runtime path: "indent/TelescopeResults[.]{vim,lua}"
not found in runtime path: "parser/TelescopeResults.*"
-- INSERT ---- INSERT --
sourcing "nvim_exec2()"
finished sourcing nvim_exec2()-- INSERT ---- INSERT --
sourcing "nvim_exec2()"
finished sourcing nvim_exec2()-- INSERT --
not found in runtime path: "parser/comment.*"-- INSERT ---- INSERT ---- INSERT ---- INSERT ---- INSERT --
sourcing "nvim_exec2()"
line 0: sourcing "nvim_exec2() called at BufReadPre Autocommands for "*":0"
line 1: sourcing "/Users/hanifmuhammad/.local/share/nvim/lazy/nvim-ts-autotag/plugin/nvim-ts-autotag.lua"
finished sourcing /Users/hanifmuhammad/.local/share/nvim/lazy/nvim-ts-autotag/plugin/nvim-ts-autotag.lua
continuing in nvim_exec2() called at BufReadPre Autocommands for "*":0
finished sourcing nvim_exec2() called at BufReadPre Autocommands for "*":0
continuing in BufReadPre Autocommands for "*"
line 0: sourcing "nvim_exec2() called at BufReadPre Autocommands for "*":0"
finished sourcing nvim_exec2() called at BufReadPre Autocommands for "*":0
continuing in BufReadPre Autocommands for "*"
line 0: sourcing "nvim_exec2() called at BufReadPre Autocommands for "*":0"
finished sourcing nvim_exec2() called at BufReadPre Autocommands for "*":0
continuing in BufReadPre Autocommands for "*"
line 0: sourcing "nvim_exec2() called at BufReadPre Autocommands for "*":0"
finished sourcing nvim_exec2() called at BufReadPre Autocommands for "*":0
continuing in BufReadPre Autocommands for "*"
line 0: sourcing "nvim_exec2() called at BufReadPre Autocommands for "*":0"
finished sourcing nvim_exec2() called at BufReadPre Autocommands for "*":0
continuing in BufReadPre Autocommands for "*"
line 0: sourcing "nvim_exec2() called at BufReadPre Autocommands for "*":0"
line 1: sourcing "/Users/hanifmuhammad/.local/share/nvim/lazy/conform.nvim/plugin/conform.lua"
finished sourcing /Users/hanifmuhammad/.local/share/nvim/lazy/conform.nvim/plugin/conform.lua
continuing in nvim_exec2() called at BufReadPre Autocommands for "*":0
finished sourcing nvim_exec2() called at BufReadPre Autocommands for "*":0
continuing in BufReadPre Autocommands for "*"
line 0: sourcing "nvim_exec2() called at BufReadPre Autocommands for "*":0"
finished sourcing nvim_exec2() called at BufReadPre Autocommands for "*":0
continuing in BufReadPre Autocommands for "*"
line 0: sourcing "nvim_exec2() called at BufReadPre Autocommands for "*":0"
finished sourcing nvim_exec2() called at BufReadPre Autocommands for "*":0
continuing in BufReadPre Autocommands for "*"
line 0: sourcing "nvim_exec2() called at BufReadPre Autocommands for "*":0"
line 1: sourcing "/Users/hanifmuhammad/.local/share/nvim/lazy/nvim-ts-context-commentstring/plugin/ts_context_commentstring.lua"
finished sourcing /Users/hanifmuhammad/.local/share/nvim/lazy/nvim-ts-context-commentstring/plugin/ts_context_commentstring.lua
continuing in nvim_exec2() called at BufReadPre Autocommands for "*":0
finished sourcing nvim_exec2() called at BufReadPre Autocommands for "*":0
continuing in BufReadPre Autocommands for "*"
line 0: sourcing "nvim_exec2() called at BufReadPre Autocommands for "*":0"
finished sourcing nvim_exec2() called at BufReadPre Autocommands for "*":0
continuing in BufReadPre Autocommands for "*"
line 0: sourcing "nvim_exec2() called at BufReadPre Autocommands for "*":0"
finished sourcing nvim_exec2() called at BufReadPre Autocommands for "*":0
continuing in BufReadPre Autocommands for "*"
line 0: sourcing "nvim_exec2() called at BufReadPre Autocommands for "*":0"
line 1: sourcing "/Users/hanifmuhammad/.local/share/nvim/lazy/Comment.nvim/plugin/Comment.lua"
finished sourcing /Users/hanifmuhammad/.local/share/nvim/lazy/Comment.nvim/plugin/Comment.lua
continuing in nvim_exec2() called at BufReadPre Autocommands for "*":0
finished sourcing nvim_exec2() called at BufReadPre Autocommands for "*":0
continuing in BufReadPre Autocommands for "*"
line 0: sourcing "nvim_exec2() called at BufReadPre Autocommands for "*":0"
finished sourcing nvim_exec2() called at BufReadPre Autocommands for "*":0
continuing in BufReadPre Autocommands for "*"
line 0: sourcing "nvim_exec2() called at BufReadPre Autocommands for "*":0"
finished sourcing nvim_exec2() called at BufReadPre Autocommands for "*":0
continuing in BufReadPre Autocommands for "*"
line 0: sourcing "nvim_exec2() called at BufReadPre Autocommands for "*":0"
finished sourcing nvim_exec2() called at BufReadPre Autocommands for "*":0
continuing in BufReadPre Autocommands for "*"
line 0: sourcing "nvim_exec2() called at BufReadPre Autocommands for "*":0"
finished sourcing nvim_exec2() called at BufReadPre Autocommands for "*":0
continuing in BufReadPre Autocommands for "*"
Reading ShaDa file "/Users/hanifmuhammad/.local/state/nvim/shada/main.shada" marks
Reading undo file: /Users/hanifmuhammad/.vim/undodir/%Users%hanifmuhammad%.config%nvim%lua%hanipcode%plugins%minuet.lua
line 20: sourcing "/Users/hanifmuhammad/nvim-macos-arm64/share/nvim/runtime/ftplugin/lua.vim"
finished sourcing /Users/hanifmuhammad/nvim-macos-arm64/share/nvim/runtime/ftplugin/lua.vim
continuing in <SNR>2_LoadFTPlugin
line 20: sourcing "/Users/hanifmuhammad/nvim-macos-arm64/share/nvim/runtime/ftplugin/lua.lua"
finished sourcing /Users/hanifmuhammad/nvim-macos-arm64/share/nvim/runtime/ftplugin/lua.lua
continuing in <SNR>2_LoadFTPlugin
line 15: sourcing "/Users/hanifmuhammad/nvim-macos-arm64/share/nvim/runtime/indent/lua.vim"
finished sourcing /Users/hanifmuhammad/nvim-macos-arm64/share/nvim/runtime/indent/lua.vim
continuing in <SNR>3_LoadIndent
line 20: sourcing "/Users/hanifmuhammad/nvim-macos-arm64/share/nvim/runtime/ftplugin/lua.vim"
finished sourcing /Users/hanifmuhammad/nvim-macos-arm64/share/nvim/runtime/ftplugin/lua.vim
continuing in <SNR>2_LoadFTPlugin
line 20: sourcing "/Users/hanifmuhammad/nvim-macos-arm64/share/nvim/runtime/ftplugin/lua.lua"
finished sourcing /Users/hanifmuhammad/nvim-macos-arm64/share/nvim/runtime/ftplugin/lua.lua
continuing in <SNR>2_LoadFTPlugin
line 15: sourcing "/Users/hanifmuhammad/nvim-macos-arm64/share/nvim/runtime/indent/lua.vim"
finished sourcing /Users/hanifmuhammad/nvim-macos-arm64/share/nvim/runtime/indent/lua.vim
continuing in <SNR>3_LoadIndent
not found in runtime path: "parser/comment.*"
line 0: sourcing "/Users/hanifmuhammad/.local/share/nvim/lazy/undotree/autoload/undotree.vim"
finished sourcing /Users/hanifmuhammad/.local/share/nvim/lazy/undotree/autoload/undotree.vim
continuing in BufReadPost Autocommands for "*"
finished sourcing nvim_exec2()

sourcing "nvim_exec2()"
finished sourcing nvim_exec2()
sourcing "nvim_exec2()"
finished sourcing nvim_exec2()
sourcing "nvim_exec2()"
finished sourcing nvim_exec2()
sourcing "nvim_exec2()"
finished sourcing nvim_exec2()
sourcing "nvim_exec2()"
finished sourcing nvim_exec2()
sourcing "nvim_exec2()"
finished sourcing nvim_exec2()
sourcing "nvim_exec2()"
finished sourcing nvim_exec2()
client.notify is deprecated. Run ":checkhealth vim.deprecated" for more information
sourcing "nvim_exec2()"
finished sourcing nvim_exec2()
sourcing "nvim_exec2()"
finished sourcing nvim_exec2()
sourcing "nvim_exec2()"
finished sourcing nvim_exec2()
sourcing "nvim_exec2()"
finished sourcing nvim_exec2()
sourcing "nvim_exec2()"
finished sourcing nvim_exec2()
sourcing "nvim_exec2()"
finished sourcing nvim_exec2()
sourcing "nvim_exec2()"
finished sourcing nvim_exec2()
sourcing "nvim_exec2()"
finished sourcing nvim_exec2()
sourcing "nvim_exec2()"
finished sourcing nvim_exec2()
sourcing "nvim_exec2()"
finished sourcing nvim_exec2()
sourcing "nvim_exec2()"
finished sourcing nvim_exec2()
sourcing "nvim_exec2()"
finished sourcing nvim_exec2()
sourcing "nvim_exec2()"
finished sourcing nvim_exec2()
sourcing "nvim_exec2()"
finished sourcing nvim_exec2()
sourcing "nvim_exec2()"
finished sourcing nvim_exec2()
sourcing "nvim_exec2()"
finished sourcing nvim_exec2()
sourcing "nvim_exec2()"
finished sourcing nvim_exec2()
sourcing "nvim_exec2()"
finished sourcing nvim_exec2()
sourcing "nvim_exec2()"
finished sourcing nvim_exec2()
sourcing "nvim_exec2()"
finished sourcing nvim_exec2()
sourcing "nvim_exec2()"
finished sourcing nvim_exec2()
sourcing "nvim_exec2()"
finished sourcing nvim_exec2()
sourcing "nvim_exec2()"
finished sourcing nvim_exec2()
sourcing "nvim_exec2()"
finished sourcing nvim_exec2()
sourcing "nvim_exec2()"
finished sourcing nvim_exec2()
sourcing "/Users/hanifmuhammad/.local/share/nvim/lazy/nvim-treesitter/autoload/nvim_treesitter.vim"
finished sourcing /Users/hanifmuhammad/.local/share/nvim/lazy/nvim-treesitter/autoload/nvim_treesitter.vim
-- INSERT --
sourcing "nvim_exec2()"
finished sourcing nvim_exec2()
sourcing "nvim_exec2()"
finished sourcing nvim_exec2()-- INSERT --
sourcing "nvim_exec2()"
finished sourcing nvim_exec2()
sourcing "nvim_exec2()"
finished sourcing nvim_exec2()
sourcing "nvim_exec2()"
finished sourcing nvim_exec2()-- INSERT --
sourcing "nvim_exec2()"
finished sourcing nvim_exec2()
sourcing "nvim_exec2()"
finished sourcing nvim_exec2()-- INSERT --
sourcing "nvim_exec2()"
finished sourcing nvim_exec2()
sourcing "nvim_exec2()"
finished sourcing nvim_exec2()-- INSERT --
sourcing "nvim_exec2()"
finished sourcing nvim_exec2()
sourcing "nvim_exec2()"
finished sourcing nvim_exec2()-- INSERT --
sourcing "nvim_exec2()"
finished sourcing nvim_exec2()
sourcing "nvim_exec2()"
finished sourcing nvim_exec2()-- INSERT --
sourcing "nvim_exec2()"
finished sourcing nvim_exec2()
sourcing "nvim_exec2()"
finished sourcing nvim_exec2()-- INSERT --
sourcing "nvim_exec2()"
finished sourcing nvim_exec2()
sourcing "nvim_exec2()"
finished sourcing nvim_exec2()-- INSERT --
sourcing "nvim_exec2()"
finished sourcing nvim_exec2()
sourcing "nvim_exec2()"
finished sourcing nvim_exec2()-- INSERT --
sourcing "nvim_exec2()"
finished sourcing nvim_exec2()
sourcing "nvim_exec2()"
finished sourcing nvim_exec2()-- INSERT --
sourcing "nvim_exec2()"
finished sourcing nvim_exec2()
sourcing "nvim_exec2()"
finished sourcing nvim_exec2()-- INSERT --
sourcing "nvim_exec2()"
finished sourcing nvim_exec2()
sourcing "nvim_exec2()"
finished sourcing nvim_exec2()-- INSERT --
sourcing "nvim_exec2()"
finished sourcing nvim_exec2()
sourcing "nvim_exec2()"
finished sourcing nvim_exec2()-- INSERT --
sourcing "nvim_exec2()"
finished sourcing nvim_exec2()
sourcing "nvim_exec2()"
finished sourcing nvim_exec2()-- INSERT --
sourcing "nvim_exec2()"
finished sourcing nvim_exec2()
sourcing "nvim_exec2()"
finished sourcing nvim_exec2()-- INSERT --
sourcing "nvim_exec2()"
finished sourcing nvim_exec2()
sourcing "nvim_exec2()"
finished sourcing nvim_exec2()-- INSERT --
sourcing "nvim_exec2()"
finished sourcing nvim_exec2()
sourcing "nvim_exec2()"
finished sourcing nvim_exec2()-- INSERT --
not found in runtime path: "parser/comment.*"
not found in runtime path: "ftplugin/cmp_menu[.]{vim,lua} ftplugin/cmp_menu_*.{vim,lua} ftplugin/cmp_menu/*.{vim,lua}"
not found in runtime path: "indent/cmp_menu[.]{vim,lua}"
not found in runtime path: "parser/cmp_menu.*"
not found in runtime path: "parser/cmp_menu.*"-- INSERT ---- INSERT --
table res
{}-- INSERT --
not found in runtime path: "ftplugin/snacks_notif[.]{vim,lua} ftplugin/snacks_notif_*.{vim,lua} ftplugin/snacks_notif/*.{vim,lua}"
not found in runtime path: "indent/snacks_notif[.]{vim,lua}"
not found in runtime path: "parser/snacks_notif.*"
not found in runtime path: "parser/snacks_notif.*"-- INSERT ---- INSERT ---- INSERT --


"lua/hanipcode/plugins/minuet.lua" 
"lua/hanipcode/plugins/minuet.lua" 76L, 2440B written
Writing undo file: /Users/hanifmuhammad/.vim/undodir/%Users%hanifmuhammad%.config%nvim%lua%hanipcode%plugins%minuet.lua
"lua/hanipcode/plugins/minuet.lua" 76L, 2440B written
sourcing "nvim_exec2()"
finished sourcing nvim_exec2()
sourcing "nvim_exec2()"
finished sourcing nvim_exec2()
sourcing "nvim_exec2()"
finished sourcing nvim_exec2()
sourcing "nvim_exec2()"
finished sourcing nvim_exec2()
sourcing "nvim_exec2()"
finished sourcing nvim_exec2()
sourcing "nvim_exec2()"
finished sourcing nvim_exec2()
sourcing "nvim_exec2()"
finished sourcing nvim_exec2()
sourcing "nvim_exec2()"
finished sourcing nvim_exec2()
sourcing "nvim_exec2()"
finished sourcing nvim_exec2()
line 20: sourcing "/Users/hanifmuhammad/.local/share/nvim/lazy/telescope.nvim/ftplugin/TelescopePrompt.lua"
finished sourcing /Users/hanifmuhammad/.local/share/nvim/lazy/telescope.nvim/ftplugin/TelescopePrompt.lua
continuing in <SNR>2_LoadFTPlugin
not found in runtime path: "indent/TelescopePrompt[.]{vim,lua}"
not found in runtime path: "parser/telescopeprompt.*"
line 20: sourcing "/Users/hanifmuhammad/.local/share/nvim/lazy/telescope.nvim/ftplugin/TelescopeResults.lua"
finished sourcing /Users/hanifmuhammad/.local/share/nvim/lazy/telescope.nvim/ftplugin/TelescopeResults.lua
continuing in <SNR>2_LoadFTPlugin
not found in runtime path: "indent/TelescopeResults[.]{vim,lua}"
not found in runtime path: "parser/telescoperesults.*"
-- INSERT --
sourcing "nvim_exec2()"
finished sourcing nvim_exec2()-- INSERT ---- INSERT ---- INSERT ---- INSERT ---- INSERT --
sourcing "nvim_exec2()"
Reading ShaDa file "/Users/hanifmuhammad/.local/state/nvim/shada/main.shada" marks
Reading undo file: /Users/hanifmuhammad/.vim/undodir/%Users%hanifmuhammad%.config%nvim%nvim.log
not found in runtime path: "scripts.vim"
finished sourcing nvim_exec2()



sourcing "nvim_exec2()"
finished sourcing nvim_exec2()
sourcing "nvim_exec2()"
finished sourcing nvim_exec2()
sourcing "nvim_exec2()"
finished sourcing nvim_exec2()
sourcing "nvim_exec2()"
finished sourcing nvim_exec2()
sourcing "nvim_exec2()"
finished sourcing nvim_exec2()
sourcing "nvim_exec2()"
finished sourcing nvim_exec2()
sourcing "nvim_exec2()"
finished sourcing nvim_exec2()
sourcing "nvim_exec2()"
finished sourcing nvim_exec2()
sourcing "nvim_exec2()"
finished sourcing nvim_exec2()
line 20: sourcing "/Users/hanifmuhammad/.local/share/nvim/lazy/telescope.nvim/ftplugin/TelescopePrompt.lua"
finished sourcing /Users/hanifmuhammad/.local/share/nvim/lazy/telescope.nvim/ftplugin/TelescopePrompt.lua
continuing in <SNR>2_LoadFTPlugin
not found in runtime path: "indent/TelescopePrompt[.]{vim,lua}"
not found in runtime path: "parser/telescopeprompt.*"
line 20: sourcing "/Users/hanifmuhammad/.local/share/nvim/lazy/telescope.nvim/ftplugin/TelescopeResults.lua"
finished sourcing /Users/hanifmuhammad/.local/share/nvim/lazy/telescope.nvim/ftplugin/TelescopeResults.lua
continuing in <SNR>2_LoadFTPlugin
not found in runtime path: "indent/TelescopeResults[.]{vim,lua}"
not found in runtime path: "parser/telescoperesults.*"
-- INSERT --
sourcing "nvim_exec2()"
finished sourcing nvim_exec2()-- INSERT --
Writing undo file: /Users/hanifmuhammad/.vim/undodir/%Users%hanifmuhammad%.config%nvim%nvim.log

/table res                                                                                                                                                                                                               

/table res                                                                                                                                                                                                          [1/1]
/table res                                                                                                                                                                                                          [1/1]


not found in runtime path: "ftplugin/snacks_notif[.]{vim,lua} ftplugin/snacks_notif_*.{vim,lua} ftplugin/snacks_notif/*.{vim,lua}"
not found in runtime path: "indent/snacks_notif[.]{vim,lua}"
not found in runtime path: "parser/snacks_notif.*"
not found in runtime path: "ftplugin/snacks_notif[.]{vim,lua} ftplugin/snacks_notif_*.{vim,lua} ftplugin/snacks_notif/*.{vim,lua}"
not found in runtime path: "indent/snacks_notif[.]{vim,lua}"
not found in runtime path: "parser/snacks_notif.*"
not found in runtime path: "parser/comment.*"
-- INSERT --
not found in runtime path: "ftplugin/snacks_notif[.]{vim,lua} ftplugin/snacks_notif_*.{vim,lua} ftplugin/snacks_notif/*.{vim,lua}"
not found in runtime path: "indent/snacks_notif[.]{vim,lua}"
not found in runtime path: "parser/snacks_notif.*"-- INSERT --
table res
{ {
    document = "return {\n\t\"Davidyz/VectorCode\",\n\tversion = \"*\", -- optional, depending on whether you're on nightly or release\n\tdependencies = { \"nvim-lua/plenary.nvim\" },\n\tcmd = \"VectorCode\", -- if you're lazy-loading VectorCode\n}\n",
    path = "lua/hanipcode/plugins/codevector.lua"
  } }

sourcing "nvim_exec2()"
finished sourcing nvim_exec2()
not found in runtime path: "ftplugin/snacks_notif[.]{vim,lua} ftplugin/snacks_notif_*.{vim,lua} ftplugin/snacks_notif/*.{vim,lua}"
not found in runtime path: "indent/snacks_notif[.]{vim,lua}"
not found in runtime path: "parser/snacks_notif.*"
not found in runtime path: "ftplugin/snacks_notif[.]{vim,lua} ftplugin/snacks_notif_*.{vim,lua} ftplugin/snacks_notif/*.{vim,lua}"
not found in runtime path: "indent/snacks_notif[.]{vim,lua}"
not found in runtime path: "parser/snacks_notif.*"
not found in runtime path: "ftplugin/snacks_notif[.]{vim,lua} ftplugin/snacks_notif_*.{vim,lua} ftplugin/snacks_notif/*.{vim,lua}"
not found in runtime path: "indent/snacks_notif[.]{vim,lua}"
not found in runtime path: "parser/snacks_notif.*"
not found in runtime path: "parser/comment.*"
sourcing "nvim_exec2()"
finished sourcing nvim_exec2()
sourcing "nvim_exec2()"
finished sourcing nvim_exec2()
sourcing "nvim_exec2()"
finished sourcing nvim_exec2()
sourcing "nvim_exec2()"
finished sourcing nvim_exec2()
sourcing "nvim_exec2()"
finished sourcing nvim_exec2()
sourcing "nvim_exec2()"
finished sourcing nvim_exec2()
sourcing "nvim_exec2()"
finished sourcing nvim_exec2()
sourcing "nvim_exec2()"
finished sourcing nvim_exec2()
sourcing "nvim_exec2()"
finished sourcing nvim_exec2()
line 20: sourcing "/Users/hanifmuhammad/.local/share/nvim/lazy/telescope.nvim/ftplugin/TelescopePrompt.lua"
finished sourcing /Users/hanifmuhammad/.local/share/nvim/lazy/telescope.nvim/ftplugin/TelescopePrompt.lua
continuing in <SNR>2_LoadFTPlugin
not found in runtime path: "indent/TelescopePrompt[.]{vim,lua}"
not found in runtime path: "parser/telescopeprompt.*"
line 20: sourcing "/Users/hanifmuhammad/.local/share/nvim/lazy/telescope.nvim/ftplugin/TelescopeResults.lua"
finished sourcing /Users/hanifmuhammad/.local/share/nvim/lazy/telescope.nvim/ftplugin/TelescopeResults.lua
continuing in <SNR>2_LoadFTPlugin
not found in runtime path: "indent/TelescopeResults[.]{vim,lua}"
not found in runtime path: "parser/telescoperesults.*"
-- INSERT --
sourcing "nvim_exec2()"
finished sourcing nvim_exec2()-- INSERT ---- INSERT --
sourcing "nvim_exec2()"
finished sourcing nvim_exec2()-- INSERT ---- INSERT ---- INSERT ---- INSERT ---- INSERT ---- INSERT ---- INSERT ---- INSERT ---- INSERT ---- INSERT ---- INSERT --
sourcing "nvim_exec2()"
finished sourcing nvim_exec2()-- INSERT --
not found in runtime path: "parser/comment.*"-- INSERT ---- INSERT ---- INSERT --
sourcing "nvim_exec2()"
finished sourcing nvim_exec2()-- INSERT ---- INSERT --
sourcing "nvim_exec2()"
Reading ShaDa file "/Users/hanifmuhammad/.local/state/nvim/shada/main.shada" marks
Reading undo file: /Users/hanifmuhammad/.vim/undodir/%Users%hanifmuhammad%.config%nvim%lua%hanipcode%plugins%oil.lua
line 20: sourcing "/Users/hanifmuhammad/nvim-macos-arm64/share/nvim/runtime/ftplugin/lua.vim"
finished sourcing /Users/hanifmuhammad/nvim-macos-arm64/share/nvim/runtime/ftplugin/lua.vim
continuing in <SNR>2_LoadFTPlugin
line 20: sourcing "/Users/hanifmuhammad/nvim-macos-arm64/share/nvim/runtime/ftplugin/lua.lua"
finished sourcing /Users/hanifmuhammad/nvim-macos-arm64/share/nvim/runtime/ftplugin/lua.lua
continuing in <SNR>2_LoadFTPlugin
line 15: sourcing "/Users/hanifmuhammad/nvim-macos-arm64/share/nvim/runtime/indent/lua.vim"
finished sourcing /Users/hanifmuhammad/nvim-macos-arm64/share/nvim/runtime/indent/lua.vim
continuing in <SNR>3_LoadIndent
finished sourcing nvim_exec2()

not found in runtime path: "ftplugin/fidget[.]{vim,lua} ftplugin/fidget_*.{vim,lua} ftplugin/fidget/*.{vim,lua}"
not found in runtime path: "indent/fidget[.]{vim,lua}"
not found in runtime path: "parser/fidget.*"
sourcing "nvim_exec2()"
finished sourcing nvim_exec2()
sourcing "nvim_exec2()"
finished sourcing nvim_exec2()
sourcing "nvim_exec2()"
finished sourcing nvim_exec2()
sourcing "nvim_exec2()"
finished sourcing nvim_exec2()
sourcing "nvim_exec2()"
finished sourcing nvim_exec2()
sourcing "nvim_exec2()"
finished sourcing nvim_exec2()
sourcing "nvim_exec2()"
finished sourcing nvim_exec2()
sourcing "nvim_exec2()"
finished sourcing nvim_exec2()
sourcing "nvim_exec2()"
finished sourcing nvim_exec2()
sourcing "nvim_exec2()"
finished sourcing nvim_exec2()
sourcing "nvim_exec2()"
finished sourcing nvim_exec2()
sourcing "nvim_exec2()"
finished sourcing nvim_exec2()
sourcing "nvim_exec2()"
finished sourcing nvim_exec2()
sourcing "nvim_exec2()"
finished sourcing nvim_exec2()
sourcing "nvim_exec2()"
finished sourcing nvim_exec2()
sourcing "nvim_exec2()"
finished sourcing nvim_exec2()
sourcing "nvim_exec2()"
finished sourcing nvim_exec2()
sourcing "nvim_exec2()"
finished sourcing nvim_exec2()
sourcing "nvim_exec2()"
finished sourcing nvim_exec2()
sourcing "nvim_exec2()"
finished sourcing nvim_exec2()
sourcing "nvim_exec2()"
finished sourcing nvim_exec2()
sourcing "nvim_exec2()"
finished sourcing nvim_exec2()
sourcing "nvim_exec2()"
finished sourcing nvim_exec2()
sourcing "nvim_exec2()"
finished sourcing nvim_exec2()
sourcing "nvim_exec2()"
finished sourcing nvim_exec2()
sourcing "nvim_exec2()"
finished sourcing nvim_exec2()
sourcing "nvim_exec2()"
finished sourcing nvim_exec2()
sourcing "nvim_exec2()"
finished sourcing nvim_exec2()
sourcing "nvim_exec2()"
finished sourcing nvim_exec2()
sourcing "nvim_exec2()"
finished sourcing nvim_exec2()
sourcing "nvim_exec2()"
finished sourcing nvim_exec2()
sourcing "nvim_exec2()"
finished sourcing nvim_exec2()
sourcing "nvim_exec2()"
finished sourcing nvim_exec2()
sourcing "nvim_exec2()"
finished sourcing nvim_exec2()
sourcing "nvim_exec2()"
finished sourcing nvim_exec2()
line 20: sourcing "/Users/hanifmuhammad/.local/share/nvim/lazy/telescope.nvim/ftplugin/TelescopePrompt.lua"
finished sourcing /Users/hanifmuhammad/.local/share/nvim/lazy/telescope.nvim/ftplugin/TelescopePrompt.lua
continuing in <SNR>2_LoadFTPlugin
not found in runtime path: "indent/TelescopePrompt[.]{vim,lua}"
not found in runtime path: "parser/telescopeprompt.*"
line 20: sourcing "/Users/hanifmuhammad/.local/share/nvim/lazy/telescope.nvim/ftplugin/TelescopeResults.lua"
finished sourcing /Users/hanifmuhammad/.local/share/nvim/lazy/telescope.nvim/ftplugin/TelescopeResults.lua
continuing in <SNR>2_LoadFTPlugin
not found in runtime path: "indent/TelescopeResults[.]{vim,lua}"
not found in runtime path: "parser/telescoperesults.*"
-- INSERT --
sourcing "nvim_exec2()"
finished sourcing nvim_exec2()
sourcing "nvim_exec2()"
finished sourcing nvim_exec2()
sourcing "nvim_exec2()"
finished sourcing nvim_exec2()
sourcing "nvim_exec2()"
finished sourcing nvim_exec2()
sourcing "nvim_exec2()"
finished sourcing nvim_exec2()
sourcing "nvim_exec2()"
finished sourcing nvim_exec2()-- INSERT --
sourcing "nvim_exec2()"
finished sourcing nvim_exec2()-- INSERT --
sourcing "nvim_exec2()"
finished sourcing nvim_exec2()
sourcing "nvim_exec2()"
finished sourcing nvim_exec2()-- INSERT --
sourcing "nvim_exec2()"
finished sourcing nvim_exec2()
sourcing "nvim_exec2()"
finished sourcing nvim_exec2()-- INSERT --
sourcing "nvim_exec2()"
finished sourcing nvim_exec2()
sourcing "nvim_exec2()"
finished sourcing nvim_exec2()-- INSERT --
sourcing "nvim_exec2()"
finished sourcing nvim_exec2()
sourcing "nvim_exec2()"
finished sourcing nvim_exec2()-- INSERT --
sourcing "nvim_exec2()"
finished sourcing nvim_exec2()
sourcing "nvim_exec2()"
finished sourcing nvim_exec2()-- INSERT --
sourcing "nvim_exec2()"
finished sourcing nvim_exec2()
sourcing "nvim_exec2()"
finished sourcing nvim_exec2()-- INSERT --
sourcing "nvim_exec2()"
finished sourcing nvim_exec2()
sourcing "nvim_exec2()"
finished sourcing nvim_exec2()-- INSERT --
sourcing "nvim_exec2()"
finished sourcing nvim_exec2()
sourcing "nvim_exec2()"
finished sourcing nvim_exec2()-- INSERT --
sourcing "nvim_exec2()"
finished sourcing nvim_exec2()
sourcing "nvim_exec2()"
finished sourcing nvim_exec2()-- INSERT --
sourcing "nvim_exec2()"
finished sourcing nvim_exec2()
sourcing "nvim_exec2()"
finished sourcing nvim_exec2()-- INSERT --
sourcing "nvim_exec2()"
finished sourcing nvim_exec2()
sourcing "nvim_exec2()"
finished sourcing nvim_exec2()-- INSERT --
sourcing "nvim_exec2()"
finished sourcing nvim_exec2()
sourcing "nvim_exec2()"
finished sourcing nvim_exec2()-- INSERT --
sourcing "nvim_exec2()"
finished sourcing nvim_exec2()
sourcing "nvim_exec2()"
finished sourcing nvim_exec2()-- INSERT --
sourcing "nvim_exec2()"
finished sourcing nvim_exec2()
sourcing "nvim_exec2()"
finished sourcing nvim_exec2()-- INSERT --
sourcing "nvim_exec2()"
finished sourcing nvim_exec2()
sourcing "nvim_exec2()"
finished sourcing nvim_exec2()-- INSERT --
sourcing "nvim_exec2()"
finished sourcing nvim_exec2()
sourcing "nvim_exec2()"
finished sourcing nvim_exec2()-- INSERT ---- INSERT --
sourcing "nvim_exec2()"
finished sourcing nvim_exec2()-- INSERT --
not found in runtime path: "queries/json/injections.scm"-- INSERT --
sourcing "nvim_exec2()"
finished sourcing nvim_exec2()
sourcing "nvim_exec2()"
finished sourcing nvim_exec2()-- INSERT ---- INSERT --
sourcing "nvim_exec2()"
finished sourcing nvim_exec2()-- INSERT --
not found in runtime path: "parser/comment.*"-- INSERT --
sourcing "nvim_exec2()"
finished sourcing nvim_exec2()
sourcing "nvim_exec2()"
finished sourcing nvim_exec2()-- INSERT ---- INSERT ---- INSERT --
sourcing "nvim_exec2()"
finished sourcing nvim_exec2()
sourcing "nvim_exec2()"
finished sourcing nvim_exec2()-- INSERT --
sourcing "nvim_exec2()"
finished sourcing nvim_exec2()
sourcing "nvim_exec2()"
finished sourcing nvim_exec2()-- INSERT --
sourcing "nvim_exec2()"
finished sourcing nvim_exec2()
sourcing "nvim_exec2()"
finished sourcing nvim_exec2()-- INSERT --
sourcing "nvim_exec2()"
finished sourcing nvim_exec2()
sourcing "nvim_exec2()"
finished sourcing nvim_exec2()-- INSERT --
sourcing "nvim_exec2()"
finished sourcing nvim_exec2()
sourcing "nvim_exec2()"
finished sourcing nvim_exec2()-- INSERT --
sourcing "nvim_exec2()"
Reading ShaDa file "/Users/hanifmuhammad/.local/state/nvim/shada/main.shada" marks
Reading undo file: /Users/hanifmuhammad/.vim/undodir/%Users%hanifmuhammad%.config%nvim%lua%hanipcode%plugins%lsp.lua
line 20: sourcing "/Users/hanifmuhammad/nvim-macos-arm64/share/nvim/runtime/ftplugin/lua.vim"
finished sourcing /Users/hanifmuhammad/nvim-macos-arm64/share/nvim/runtime/ftplugin/lua.vim
continuing in <SNR>2_LoadFTPlugin
line 20: sourcing "/Users/hanifmuhammad/nvim-macos-arm64/share/nvim/runtime/ftplugin/lua.lua"
finished sourcing /Users/hanifmuhammad/nvim-macos-arm64/share/nvim/runtime/ftplugin/lua.lua
continuing in <SNR>2_LoadFTPlugin
line 15: sourcing "/Users/hanifmuhammad/nvim-macos-arm64/share/nvim/runtime/indent/lua.vim"
finished sourcing /Users/hanifmuhammad/nvim-macos-arm64/share/nvim/runtime/indent/lua.vim
continuing in <SNR>3_LoadIndent
finished sourcing nvim_exec2()

sourcing "nvim_exec2()"
finished sourcing nvim_exec2()

sourcing "nvim_exec2()"
finished sourcing nvim_exec2()
sourcing "nvim_exec2()"
finished sourcing nvim_exec2()
not found in runtime path: "ftplugin/snacks_notif[.]{vim,lua} ftplugin/snacks_notif_*.{vim,lua} ftplugin/snacks_notif/*.{vim,lua}"
not found in runtime path: "indent/snacks_notif[.]{vim,lua}"
not found in runtime path: "parser/snacks_notif.*"
not found in runtime path: "ftplugin/snacks_notif[.]{vim,lua} ftplugin/snacks_notif_*.{vim,lua} ftplugin/snacks_notif/*.{vim,lua}"
not found in runtime path: "indent/snacks_notif[.]{vim,lua}"
not found in runtime path: "parser/snacks_notif.*"
sourcing "nvim_exec2()"
finished sourcing nvim_exec2()
sourcing "nvim_exec2()"
finished sourcing nvim_exec2()
sourcing "nvim_exec2()"
finished sourcing nvim_exec2()
sourcing "nvim_exec2()"
finished sourcing nvim_exec2()
sourcing "nvim_exec2()"
finished sourcing nvim_exec2()
sourcing "nvim_exec2()"
finished sourcing nvim_exec2()
sourcing "nvim_exec2()"
finished sourcing nvim_exec2()
sourcing "nvim_exec2()"
finished sourcing nvim_exec2()
sourcing "nvim_exec2()"
finished sourcing nvim_exec2()
sourcing "nvim_exec2()"
finished sourcing nvim_exec2()
sourcing "nvim_exec2()"
finished sourcing nvim_exec2()
sourcing "nvim_exec2()"
finished sourcing nvim_exec2()
sourcing "nvim_exec2()"
finished sourcing nvim_exec2()
sourcing "nvim_exec2()"
finished sourcing nvim_exec2()
sourcing "nvim_exec2()"
finished sourcing nvim_exec2()
sourcing "nvim_exec2()"
finished sourcing nvim_exec2()
sourcing "nvim_exec2()"
finished sourcing nvim_exec2()
sourcing "nvim_exec2()"
finished sourcing nvim_exec2()
sourcing "nvim_exec2()"
finished sourcing nvim_exec2()
sourcing "nvim_exec2()"
finished sourcing nvim_exec2()
sourcing "nvim_exec2()"
finished sourcing nvim_exec2()
sourcing "nvim_exec2()"
finished sourcing nvim_exec2()
sourcing "nvim_exec2()"
finished sourcing nvim_exec2()
sourcing "nvim_exec2()"
finished sourcing nvim_exec2()
sourcing "nvim_exec2()"
finished sourcing nvim_exec2()
sourcing "nvim_exec2()"
finished sourcing nvim_exec2()
sourcing "nvim_exec2()"
finished sourcing nvim_exec2()
sourcing "nvim_exec2()"
finished sourcing nvim_exec2()
sourcing "nvim_exec2()"
finished sourcing nvim_exec2()
sourcing "nvim_exec2()"
finished sourcing nvim_exec2()
sourcing "nvim_exec2()"
finished sourcing nvim_exec2()
sourcing "nvim_exec2()"
finished sourcing nvim_exec2()
sourcing "nvim_exec2()"
finished sourcing nvim_exec2()
sourcing "nvim_exec2()"
finished sourcing nvim_exec2()
sourcing "nvim_exec2()"
finished sourcing nvim_exec2()
sourcing "nvim_exec2()"
finished sourcing nvim_exec2()
sourcing "nvim_exec2()"
finished sourcing nvim_exec2()
sourcing "nvim_exec2()"
finished sourcing nvim_exec2()
sourcing "nvim_exec2()"
finished sourcing nvim_exec2()
sourcing "nvim_exec2()"
finished sourcing nvim_exec2()
sourcing "nvim_exec2()"
finished sourcing nvim_exec2()
sourcing "nvim_exec2()"
finished sourcing nvim_exec2()
sourcing "nvim_exec2()"
finished sourcing nvim_exec2()
sourcing "nvim_exec2()"
finished sourcing nvim_exec2()
not found in runtime path: "parser/comment.*"
-- INSERT --
table res
{}-- INSERT --
not found in runtime path: "ftplugin/snacks_notif[.]{vim,lua} ftplugin/snacks_notif_*.{vim,lua} ftplugin/snacks_notif/*.{vim,lua}"
not found in runtime path: "indent/snacks_notif[.]{vim,lua}"
not found in runtime path: "parser/snacks_notif.*"
not found in runtime path: "ftplugin/snacks_notif[.]{vim,lua} ftplugin/snacks_notif_*.{vim,lua} ftplugin/snacks_notif/*.{vim,lua}"
not found in runtime path: "indent/snacks_notif[.]{vim,lua}"
not found in runtime path: "parser/snacks_notif.*"-- INSERT ---- INSERT ---- INSERT ---- INSERT --
not found in runtime path: "ftplugin/snacks_notif[.]{vim,lua} ftplugin/snacks_notif_*.{vim,lua} ftplugin/snacks_notif/*.{vim,lua}"
not found in runtime path: "indent/snacks_notif[.]{vim,lua}"
not found in runtime path: "parser/snacks_notif.*"-- INSERT --

not found in runtime path: "parser/comment.*"
not found in runtime path: "parser/comment.*"
-- INSERT --
not found in runtime path: "ftplugin/snacks_notif[.]{vim,lua} ftplugin/snacks_notif_*.{vim,lua} ftplugin/snacks_notif/*.{vim,lua}"
not found in runtime path: "indent/snacks_notif[.]{vim,lua}"
not found in runtime path: "parser/snacks_notif.*"-- INSERT --
table res
{ {
    document = 'return {\n\t"nvim-lualine/lualine.nvim",\n\tdependencies = { "nvim-tree/nvim-web-devicons" },\n\tconfig = function()\n\t\trequire("lualine").setup({\n\t\t\toptions = {\n\t\t\t\ttheme = "catppuccin",\n\t\t\t},\n\t\t\tsections = {\n\n\t\t\t\tlualine_c = { { "filename", file_status = true, path = 1 } },\n\t\t\t\tlualine_x = {\n\t\t\t\t\trequire("minuet.lualine"),\n\t\t\t\t\t"encoding",\n\t\t\t\t\t"fileformat",\n\t\t\t\t\t"filetype",\n\t\t\t\t},\n\t\t\t},\n\t\t})\n\tend,\n}\n',
    path = "lua/hanipcode/plugins/lualine.lua"
  } }

not found in runtime path: "ftplugin/snacks_notif[.]{vim,lua} ftplugin/snacks_notif_*.{vim,lua} ftplugin/snacks_notif/*.{vim,lua}"
not found in runtime path: "indent/snacks_notif[.]{vim,lua}"
not found in runtime path: "parser/snacks_notif.*"
not found in runtime path: "ftplugin/snacks_notif[.]{vim,lua} ftplugin/snacks_notif_*.{vim,lua} ftplugin/snacks_notif/*.{vim,lua}"
not found in runtime path: "indent/snacks_notif[.]{vim,lua}"
not found in runtime path: "parser/snacks_notif.*"
1 line less; before #443  12 seconds ago
1 line less; before #443  12 seconds ago
not found in runtime path: "parser/comment.*"
not found in runtime path: "ftplugin/snacks_notif[.]{vim,lua} ftplugin/snacks_notif_*.{vim,lua} ftplugin/snacks_notif/*.{vim,lua}"
not found in runtime path: "indent/snacks_notif[.]{vim,lua}"
not found in runtime path: "parser/snacks_notif.*"

-- VISUAL --
sourcing "nvim_exec2()"
finished sourcing nvim_exec2()
sourcing "nvim_exec2()"
finished sourcing nvim_exec2()
sourcing "nvim_exec2()"
finished sourcing nvim_exec2()-- VISUAL LINE --
not found in runtime path: "parser/comment.*"

"lua/hanipcode/plugins/minuet.lua" 
"lua/hanipcode/plugins/minuet.lua" 74L, 2376B written
Writing undo file: /Users/hanifmuhammad/.vim/undodir/%Users%hanifmuhammad%.config%nvim%lua%hanipcode%plugins%minuet.lua
"lua/hanipcode/plugins/minuet.lua" 74L, 2376B written
not found in runtime path: "ftplugin/snacks_notif[.]{vim,lua} ftplugin/snacks_notif_*.{vim,lua} ftplugin/snacks_notif/*.{vim,lua}"
not found in runtime path: "indent/snacks_notif[.]{vim,lua}"
not found in runtime path: "parser/snacks_notif.*"

"lua/hanipcode/plugins/minuet.lua" 
"lua/hanipcode/plugins/minuet.lua" 74L, 2376B written
Writing undo file: /Users/hanifmuhammad/.vim/undodir/%Users%hanifmuhammad%.config%nvim%lua%hanipcode%plugins%minuet.lua
"lua/hanipcode/plugins/minuet.lua" 74L, 2376B written

E37: No write since last change
E162: No write since last change for buffer "lua/hanipcode/plugins/lsp.lua"
not found in runtime path: "ftplugin/snacks_notif[.]{vim,lua} ftplugin/snacks_notif_*.{vim,lua} ftplugin/snacks_notif/*.{vim,lua}"
not found in runtime path: "indent/snacks_notif[.]{vim,lua}"
not found in runtime path: "parser/snacks_notif.*"

Writing ShaDa file "/Users/hanifmuhammad/.local/state/nvim/shada/main.shada"